CREATE DATABASE  IF NOT EXISTS `pymentdb` /*!40100 DEFAULT CHARACTER SET utf8mb4 COLLATE utf8mb4_spanish_ci */ /*!80016 DEFAULT ENCRYPTION='N' */;
USE `pymentdb`;
-- MySQL dump 10.13  Distrib 8.0.29, for Win64 (x86_64)
--
-- Host: 127.0.0.1    Database: pymentdb
-- ------------------------------------------------------
-- Server version	8.0.29

/*!40101 SET @OLD_CHARACTER_SET_CLIENT=@@CHARACTER_SET_CLIENT */;
/*!40101 SET @OLD_CHARACTER_SET_RESULTS=@@CHARACTER_SET_RESULTS */;
/*!40101 SET @OLD_COLLATION_CONNECTION=@@COLLATION_CONNECTION */;
/*!50503 SET NAMES utf8 */;
/*!40103 SET @OLD_TIME_ZONE=@@TIME_ZONE */;
/*!40103 SET TIME_ZONE='+00:00' */;
/*!40014 SET @OLD_UNIQUE_CHECKS=@@UNIQUE_CHECKS, UNIQUE_CHECKS=0 */;
/*!40014 SET @OLD_FOREIGN_KEY_CHECKS=@@FOREIGN_KEY_CHECKS, FOREIGN_KEY_CHECKS=0 */;
/*!40101 SET @OLD_SQL_MODE=@@SQL_MODE, SQL_MODE='NO_AUTO_VALUE_ON_ZERO' */;
/*!40111 SET @OLD_SQL_NOTES=@@SQL_NOTES, SQL_NOTES=0 */;

--
-- Table structure for table `concepts`
--

DROP TABLE IF EXISTS `concepts`;
/*!40101 SET @saved_cs_client     = @@character_set_client */;
/*!50503 SET character_set_client = utf8mb4 */;
CREATE TABLE `concepts` (
  `id` int NOT NULL AUTO_INCREMENT,
  `name` varchar(120) COLLATE utf8mb4_spanish_ci NOT NULL,
  `created_at` datetime NOT NULL,
  `updated_at` datetime NOT NULL,
  `deleted_at` datetime DEFAULT NULL,
  PRIMARY KEY (`id`)
) ENGINE=InnoDB AUTO_INCREMENT=7 DEFAULT CHARSET=utf8mb4 COLLATE=utf8mb4_spanish_ci;
/*!40101 SET character_set_client = @saved_cs_client */;

--
-- Dumping data for table `concepts`
--

LOCK TABLES `concepts` WRITE;
/*!40000 ALTER TABLE `concepts` DISABLE KEYS */;
INSERT INTO `concepts` VALUES (1,'TARJETA CREDITO','2023-01-12 11:38:09','2023-01-12 11:38:09',NULL),(2,'TELEFONIA','2023-01-12 11:38:23','2023-01-12 11:38:23',NULL),(3,'CREDITO','2023-01-12 11:38:37','2023-01-12 11:38:37',NULL),(4,'SERVICIO','2023-01-12 11:38:53','2023-01-12 11:38:53',NULL),(5,'IMPUESTO','2023-01-12 11:39:00','2023-01-12 11:39:00',NULL),(6,'VARIOS','2023-01-12 11:40:31','2023-01-12 11:40:31',NULL);
/*!40000 ALTER TABLE `concepts` ENABLE KEYS */;
UNLOCK TABLES;

--
-- Table structure for table `currencies`
--

DROP TABLE IF EXISTS `currencies`;
/*!40101 SET @saved_cs_client     = @@character_set_client */;
/*!50503 SET character_set_client = utf8mb4 */;
CREATE TABLE `currencies` (
  `id` int NOT NULL AUTO_INCREMENT,
  `name` varchar(120) COLLATE utf8mb4_spanish_ci NOT NULL,
  `endpoint` varchar(120) COLLATE utf8mb4_spanish_ci DEFAULT NULL,
  `created_at` datetime NOT NULL,
  `updated_at` datetime NOT NULL,
  `deleted_at` datetime DEFAULT NULL,
  PRIMARY KEY (`id`)
) ENGINE=InnoDB AUTO_INCREMENT=5 DEFAULT CHARSET=utf8mb4 COLLATE=utf8mb4_spanish_ci;
/*!40101 SET character_set_client = @saved_cs_client */;

--
-- Dumping data for table `currencies`
--

LOCK TABLES `currencies` WRITE;
/*!40000 ALTER TABLE `currencies` DISABLE KEYS */;
INSERT INTO `currencies` VALUES (1,'PESO','','2023-01-12 10:04:28','2023-01-12 10:04:28',NULL),(2,'DOLAR','','2023-01-12 10:05:19','2023-01-12 10:31:46',NULL),(3,'EURO','','2023-01-12 10:05:48','2023-01-12 10:05:48',NULL);
/*!40000 ALTER TABLE `currencies` ENABLE KEYS */;
UNLOCK TABLES;

--
-- Table structure for table `payments`
--

DROP TABLE IF EXISTS `payments`;
/*!40101 SET @saved_cs_client     = @@character_set_client */;
/*!50503 SET character_set_client = utf8mb4 */;
CREATE TABLE `payments` (
  `id` int NOT NULL AUTO_INCREMENT,
  `id_status` int NOT NULL,
  `id_type_payment` int NOT NULL,
  `id_currency` int NOT NULL,
  `id_concept` int NOT NULL,
  `month` int NOT NULL,
  `year` int NOT NULL,
  `layer` varchar(120) COLLATE utf8mb4_spanish_ci NOT NULL,
  `max_ammount` float NOT NULL,
  `min_ammount` float NOT NULL,
  `other_ammount` float NOT NULL,
  `created_at` datetime NOT NULL DEFAULT CURRENT_TIMESTAMP,
  `updated_at` datetime NOT NULL DEFAULT CURRENT_TIMESTAMP,
  `deleted_at` datetime DEFAULT NULL,
  PRIMARY KEY (`id`),
  KEY `id_status` (`id_status`),
  KEY `id_type_payment` (`id_type_payment`),
  KEY `id_currency` (`id_currency`),
  KEY `id_concept` (`id_concept`),
  CONSTRAINT `payments_ibfk_1` FOREIGN KEY (`id_status`) REFERENCES `states` (`id`),
  CONSTRAINT `payments_ibfk_2` FOREIGN KEY (`id_type_payment`) REFERENCES `type_payments` (`id`),
  CONSTRAINT `payments_ibfk_3` FOREIGN KEY (`id_currency`) REFERENCES `currencies` (`id`),
  CONSTRAINT `payments_ibfk_4` FOREIGN KEY (`id_concept`) REFERENCES `concepts` (`id`)
) ENGINE=InnoDB AUTO_INCREMENT=1410 DEFAULT CHARSET=utf8mb4 COLLATE=utf8mb4_spanish_ci;
/*!40101 SET character_set_client = @saved_cs_client */;

--
-- Dumping data for table `payments`
--

LOCK TABLES `payments` WRITE;
/*!40000 ALTER TABLE `payments` DISABLE KEYS */;
INSERT INTO `payments` VALUES (1,1,1,1,6,1,2023,'Viaje Salta',73611,73611,0,'2023-01-27 02:04:17','2023-01-27 02:04:17',NULL),(2,1,1,1,2,1,2023,'Tuenti Nilda',1250,1000,0,'2023-01-27 02:04:17','2023-01-27 02:04:17',NULL),(3,1,1,1,2,1,2023,'Tuenti Delfina',1250,1000,0,'2023-01-27 02:04:17','2023-01-27 02:04:17',NULL),(4,1,1,1,2,1,2023,'Tuenti Mauro',1250,1000,0,'2023-01-27 02:04:17','2023-01-27 02:04:17',NULL),(5,1,3,1,1,1,2023,'Visa Galicia',36967.2,13710,18427.2,'2023-01-27 02:04:17','2023-01-27 02:04:17',NULL),(6,1,2,1,6,12,2022,'UNLaM Cuota',14012.2,12750,0,'2023-01-27 02:04:17','2023-01-27 02:04:17',NULL),(7,1,2,1,6,11,2022,'UNLaM Cuota',14012.2,12750,0,'2023-01-27 02:04:17','2023-01-27 02:04:17',NULL),(8,2,2,1,6,12,2022,'Gastos Arquitectura',57000,57000,0,'2023-01-27 02:04:17','2023-01-27 02:04:17',NULL),(9,2,2,1,6,1,2023,'Gastos Arquitectura',57000,57000,0,'2023-01-27 02:04:17','2023-01-27 02:04:17',NULL),(10,1,1,1,6,11,2022,'Combi Delfina',7500,7500,0,'2023-01-27 02:04:17','2023-01-27 02:04:17',NULL),(11,1,1,1,6,11,2022,'Colegio Delfina',20518,20518,0,'2023-01-27 02:04:17','2023-01-27 02:04:17',NULL),(12,1,1,1,1,1,2023,'Visa Frances',8330.78,3780,0,'2023-01-27 02:04:17','2023-01-27 02:04:17',NULL),(13,1,1,1,1,1,2023,'Naranja',44000,44000,0,'2023-01-27 02:04:17','2023-01-27 02:04:17',NULL),(14,1,1,1,1,1,2023,'Master Frances',18205.8,1580,0,'2023-01-27 02:04:17','2023-01-27 02:04:17',NULL),(15,1,1,1,1,1,2023,'Master Columbia',34920.1,7230,0,'2023-01-27 02:04:17','2023-01-27 02:04:17',NULL),(16,1,1,1,1,1,2023,'Amex Galicia',9957.62,7850,0,'2023-01-27 02:04:17','2023-01-27 02:04:17',NULL),(17,1,1,1,4,1,2023,'Seguro Rivadavia',9474,9474,0,'2023-01-27 02:04:17','2023-01-27 02:04:17',NULL),(18,1,1,1,4,1,2023,'Naturgy',1797.97,1797.97,0,'2023-01-27 02:04:17','2023-01-27 02:04:17',NULL),(19,1,2,1,5,1,2023,'Municipal',22679.2,2147.64,0,'2023-01-27 02:04:17','2023-01-27 02:04:17',NULL),(20,1,1,1,4,1,2023,'Edenor',1842.78,1842.78,0,'2023-01-27 02:04:17','2023-01-27 02:04:17',NULL),(21,2,1,2,3,1,2023,'Prestamo Victor y Natti',100,100,0,'2023-01-27 02:04:17','2023-01-27 02:04:17',NULL),(22,1,2,1,3,1,2023,'Banco Galicia',597583,69232.2,0,'2023-01-27 02:04:17','2023-01-27 02:04:17',NULL),(23,1,1,1,4,1,2023,'Omint Mauro',20786.6,20786.6,0,'2023-01-27 02:04:17','2023-01-27 02:04:17',NULL),(24,1,1,1,3,1,2023,'EfectivoSI',18678.1,18678.1,0,'2023-01-27 02:04:17','2023-01-27 02:04:17',NULL),(25,1,1,1,3,1,2023,'MercadoCredito Nilda',26000,26000,0,'2023-01-27 02:04:17','2023-01-27 02:04:17',NULL),(26,1,1,1,3,1,2023,'MercadoCredito Mauro',10655.8,10655.8,0,'2023-01-27 02:04:17','2023-01-27 02:04:17',NULL),(27,1,1,1,5,1,2023,'Monotributo',9245.06,9245.06,0,'2023-01-27 02:04:17','2023-01-27 02:04:17',NULL),(28,1,1,1,6,12,2022,'Albañileria',32000,32000,0,'2023-01-27 02:04:17','2023-01-27 02:04:17',NULL),(29,1,1,1,6,12,2022,'Herreria',4000,4000,0,'2023-01-27 02:04:17','2023-01-27 02:04:17',NULL),(30,1,3,1,6,12,2022,'Colegio Delfina',67820,20518,34020,'2023-01-27 02:04:17','2023-01-27 02:04:17',NULL),(31,1,1,1,6,12,2022,'Combi Delfina',7500,7500,0,'2023-01-27 02:04:17','2023-01-27 02:04:17',NULL),(32,1,1,1,5,12,2022,'Monotributo',5025.96,5025.96,0,'2023-01-27 02:04:17','2023-01-27 02:04:17',NULL),(33,1,1,1,3,12,2022,'MercadoCredito Mauro',14133.7,14133.7,0,'2023-01-27 02:04:17','2023-01-27 02:04:17',NULL),(34,1,1,1,3,12,2022,'MercadoCredito Nilda',26000,26000,0,'2023-01-27 02:04:17','2023-01-27 02:04:17',NULL),(35,1,1,1,3,12,2022,'EfectivoSI',21282.1,18678.1,0,'2023-01-27 02:04:17','2023-01-27 02:04:17',NULL),(36,1,1,1,4,12,2022,'Omint Mauro',20905.8,20905.8,0,'2023-01-27 02:04:17','2023-01-27 02:04:17',NULL),(37,1,2,1,3,12,2022,'Banco Galicia',661545,69935.4,0,'2023-01-27 02:04:17','2023-01-27 02:04:17',NULL),(38,2,1,2,3,12,2022,'Prestamo Victor y Natti',100,100,0,'2023-01-27 02:04:17','2023-01-27 02:04:17',NULL),(39,1,1,1,4,12,2022,'Edenor',1736.45,1736.45,0,'2023-01-27 02:04:17','2023-01-27 02:04:17',NULL),(40,1,1,1,5,12,2022,'Municipal',1193.18,1193.18,0,'2023-01-27 02:04:17','2023-01-27 02:04:17',NULL),(41,1,1,1,4,12,2022,'Naturgy',1736.69,1736.69,0,'2023-01-27 02:04:17','2023-01-27 02:04:17',NULL),(42,1,2,1,5,12,2022,'Patente EIG066',2011.96,2011.96,0,'2023-01-27 02:04:17','2023-01-27 02:04:17',NULL),(43,1,1,1,4,12,2022,'Seguro Rivadavia',7029,7029,0,'2023-01-27 02:04:17','2023-01-27 02:04:17',NULL),(44,1,1,1,1,12,2022,'Amex Galicia',11089.6,8190,0,'2023-01-27 02:04:17','2023-01-27 02:04:17',NULL),(45,1,1,1,1,12,2022,'Master Columbia',9740,25594,0,'2023-01-27 02:04:17','2023-01-27 02:04:17',NULL),(46,1,1,1,1,12,2022,'Master Frances',17557.1,1650,0,'2023-01-27 02:04:17','2023-01-27 02:04:17',NULL),(47,1,1,1,1,12,2022,'Naranja',65000,31000,0,'2023-01-27 02:04:17','2023-01-27 02:04:17',NULL),(48,1,1,1,1,12,2022,'Visa Frances',22559.7,4220,0,'2023-01-27 02:04:17','2023-01-27 02:04:17',NULL),(49,1,3,1,1,12,2022,'Visa Galicia',33453.2,10940,14913.2,'2023-01-27 02:04:17','2023-01-27 02:04:17',NULL),(50,1,2,1,2,12,2022,'Tuenti Delfina',1250,1000,0,'2023-01-27 02:04:17','2023-01-27 02:04:17',NULL),(51,1,1,1,2,12,2022,'Tuenti Nilda',1250,1000,0,'2023-01-27 02:04:17','2023-01-27 02:04:17',NULL),(52,1,1,1,2,12,2022,'Tuenti Mauro',1250,1000,0,'2023-01-27 02:04:17','2023-01-27 02:04:17',NULL),(53,1,1,1,2,11,2022,'Tuenti Nilda',1250,1000,0,'2023-01-27 02:04:17','2023-01-27 02:04:17',NULL),(54,1,1,1,2,11,2022,'Tuenti Mauro',1250,1000,0,'2023-01-27 02:04:17','2023-01-27 02:04:17',NULL),(55,1,2,1,2,11,2022,'Tuenti Delfina',1250,1000,0,'2023-01-27 02:04:17','2023-01-27 02:04:17',NULL),(56,1,3,1,1,11,2022,'Visa Galicia',32157.9,10940,13617.9,'2023-01-27 02:04:17','2023-01-27 02:04:17',NULL),(57,1,1,1,1,11,2022,'Visa Frances',16342.8,4530,0,'2023-01-27 02:04:17','2023-01-27 02:04:17',NULL),(58,1,1,1,1,11,2022,'Naranja',58000,31000,0,'2023-01-27 02:04:17','2023-01-27 02:04:17',NULL),(59,1,1,1,1,11,2022,'Master Frances',19674.1,1660,0,'2023-01-27 02:04:17','2023-01-27 02:04:17',NULL),(60,1,1,1,1,11,2022,'Master Columbia',77615.8,13920,0,'2023-01-27 02:04:17','2023-01-27 02:04:17',NULL),(61,1,1,1,1,11,2022,'Amex Galicia',36800.8,9500,0,'2023-01-27 02:04:17','2023-01-27 02:04:17',NULL),(62,1,1,1,4,11,2022,'Seguro Rivadavia',7029,7029,0,'2023-01-27 02:04:17','2023-01-27 02:04:17',NULL),(63,1,1,1,5,11,2022,'Patente EIG066',2011.96,2011.96,0,'2023-01-27 02:04:17','2023-01-27 02:04:17',NULL),(64,1,1,1,4,11,2022,'Naturgy',2719.48,2719.48,0,'2023-01-27 02:04:17','2023-01-27 02:04:17',NULL),(65,1,1,1,5,11,2022,'Municipal',1193.18,1193.18,0,'2023-01-27 02:04:17','2023-01-27 02:04:17',NULL),(66,1,1,1,4,11,2022,'Edenor',1519.19,1519.19,0,'2023-01-27 02:04:17','2023-01-27 02:04:17',NULL),(67,2,1,2,3,11,2022,'Prestamo Victor y Natti',100,100,0,'2023-01-27 02:04:17','2023-01-27 02:04:17',NULL),(68,1,2,1,3,11,2022,'Banco Galicia',661545,69935.4,0,'2023-01-27 02:04:17','2023-01-27 02:04:17',NULL),(69,1,1,1,4,11,2022,'Omint Mauro',21559.4,21599.4,0,'2023-01-27 02:04:17','2023-01-27 02:04:17',NULL),(70,1,1,1,3,11,2022,'EfectivoSi',21282.1,18678.1,0,'2023-01-27 02:04:17','2023-01-27 02:04:17',NULL),(71,1,1,1,3,11,2022,'MercadoCredito Nilda',26000,26000,0,'2023-01-27 02:04:17','2023-01-27 02:04:17',NULL),(72,1,1,1,3,11,2022,'MercadoCredito Mauro',20129.8,20129.8,0,'2023-01-27 02:04:17','2023-01-27 02:04:17',NULL),(73,1,1,1,5,11,2022,'Monotributo',5025.96,5025.96,0,'2023-01-27 02:04:17','2023-01-27 02:04:17',NULL),(74,2,2,1,6,11,2022,'Gastos Arquitectura',57000,57000,0,'2023-01-27 02:04:17','2023-01-27 02:04:17',NULL),(75,1,1,1,1,10,2022,'Master Columbia',47725.8,12640,0,'2023-01-27 02:04:17','2023-01-27 02:04:17',NULL),(76,1,1,1,1,9,2022,'Master Columbia',37565.6,10090,0,'2023-01-27 02:04:17','2023-01-27 02:04:17',NULL),(77,1,1,1,1,8,2022,'Master Columbia',30862.4,8130,0,'2023-01-27 02:04:17','2023-01-27 02:04:17',NULL),(78,1,1,1,1,7,2022,'Master Columbia',9161.2,4530,0,'2023-01-27 02:04:17','2023-01-27 02:04:17',NULL),(79,1,1,1,1,6,2022,'Master Columbia',22600.1,5190,0,'2023-01-27 02:04:17','2023-01-27 02:04:17',NULL),(80,1,1,1,1,5,2022,'Master Columbia',22039.7,6510,0,'2023-01-27 02:04:17','2023-01-27 02:04:17',NULL),(81,1,1,1,1,4,2022,'Master Columbia',53696.3,11240,0,'2023-01-27 02:04:17','2023-01-27 02:04:17',NULL),(82,1,1,1,1,3,2022,'Master Columbia',51887.3,9140,0,'2023-01-27 02:04:17','2023-01-27 02:04:17',NULL),(83,1,1,1,1,2,2022,'Master Falabella',17000.6,5710,0,'2023-01-27 02:04:17','2023-01-27 02:04:17',NULL),(84,1,1,1,1,1,2022,'Master Falabella',21474,7720,0,'2023-01-27 02:04:17','2023-01-27 02:04:17',NULL),(85,1,1,1,3,1,2022,'Banco Frances',3442.86,3442.86,0,'2023-01-27 02:04:17','2023-01-27 02:04:17',NULL),(86,1,2,1,1,1,2022,'Visa Galicia',38419.4,9860,0,'2023-01-27 02:04:17','2023-01-27 02:04:17',NULL),(87,1,1,1,4,1,2022,'Seguro Rivadavia',4873,4873,0,'2023-01-27 02:04:17','2023-01-27 02:04:17',NULL),(88,1,1,1,1,1,2022,'Visa Frances',13748.5,2990,0,'2023-01-27 02:04:17','2023-01-27 02:04:17',NULL),(89,1,1,1,1,1,2022,'Amex Galicia',18555.8,7860,0,'2023-01-27 02:04:17','2023-01-27 02:04:17',NULL),(90,1,1,1,1,1,2022,'Master Frances',16331.5,1240,0,'2023-01-27 02:04:17','2023-01-27 02:04:17',NULL),(91,1,2,1,3,1,2022,'Banco Galicia',1006210,72795.6,0,'2023-01-27 02:04:17','2023-01-27 02:04:17',NULL),(92,2,2,1,6,1,2022,'Gastos Arquitectura',57000,57000,0,'2023-01-27 02:04:17','2023-01-27 02:04:17',NULL),(93,1,1,1,4,1,2022,'Naturgy',2054.38,2054.38,0,'2023-01-27 02:04:17','2023-01-27 02:04:17',NULL),(94,1,2,1,5,1,2022,'Municipal',12600,1193.18,0,'2023-01-27 02:04:17','2023-01-27 02:04:17',NULL),(95,1,1,1,3,1,2022,'MercadoCredito Mauro',4473.91,4473.91,0,'2023-01-27 02:04:17','2023-01-27 02:04:17',NULL),(96,1,2,1,2,1,2022,'Tuenti Nilda',800,650,0,'2023-01-27 02:04:17','2023-01-27 02:04:17',NULL),(97,1,2,1,2,1,2022,'Tuenti Mauro',800,650,0,'2023-01-27 02:04:17','2023-01-27 02:04:17',NULL),(98,1,1,1,4,1,2022,'Edenor',1972.76,1972.76,0,'2023-01-27 02:04:17','2023-01-27 02:04:17',NULL),(99,2,2,1,6,1,2022,'Colegio Delfina',30000,10000,0,'2023-01-27 02:04:17','2023-01-27 02:04:17',NULL),(100,1,3,1,6,1,2022,'Colonia Delfina',12000,12000,6000,'2023-01-27 02:04:17','2023-01-27 02:04:17',NULL),(101,1,1,1,3,1,2022,'MercadoCredito Nilda',9771.82,9771.82,0,'2023-01-27 02:04:17','2023-01-27 02:04:17',NULL),(102,1,2,1,2,1,2022,'Tuenti Delfina',800,650,0,'2023-01-27 02:04:17','2023-01-27 02:04:17',NULL),(103,2,2,1,3,1,2022,'EfectivoSi',40000,22000,0,'2023-01-27 02:04:17','2023-01-27 02:04:17',NULL),(104,1,3,1,6,1,2022,'Albañil Rogelio -GARCA- 8/9',90000,90000,60000,'2023-01-27 02:04:17','2023-01-27 02:04:17',NULL),(105,1,1,1,6,1,2023,'Bidones de Agua x 9',4050,4050,0,'2023-01-27 02:04:17','2023-01-27 02:04:17',NULL),(106,2,2,2,3,2,2023,'Prestamo Victor y Natti',100,100,0,'2023-01-27 02:04:17','2023-01-27 02:04:17',NULL),(107,1,2,1,3,1,2018,'Banco Galicia',28216.4,14126.6,0,'2023-01-27 02:04:17','2023-01-27 02:04:17',NULL),(108,1,1,1,3,1,2018,'Banco Satander',6690.34,3345.17,0,'2023-01-27 02:04:17','2023-01-27 02:04:17',NULL),(109,1,1,1,3,1,2018,'Banco Frances',3664.34,3664.34,0,'2023-01-27 02:04:17','2023-01-27 02:04:17',NULL),(110,1,1,1,1,1,2018,'Visa Galicia',47351.5,14360,0,'2023-01-27 02:04:17','2023-01-27 02:04:17',NULL),(111,1,1,1,1,1,2018,'Visa Santander Mauro',25257.9,1820,0,'2023-01-27 02:04:17','2023-01-27 02:04:17',NULL),(112,1,1,1,1,1,2018,'Visa Frances',11858.7,1500,0,'2023-01-27 02:04:17','2023-01-27 02:04:17',NULL),(113,1,1,1,1,1,2018,'Amex Galicia',12864.3,3910,0,'2023-01-27 02:04:17','2023-01-27 02:04:17',NULL),(114,1,1,1,1,1,2018,'Amex Santander',1092.42,60,0,'2023-01-27 02:04:17','2023-01-27 02:04:17',NULL),(115,1,1,1,1,1,2018,'Master Frances',1819.2,400,0,'2023-01-27 02:04:17','2023-01-27 02:04:17',NULL),(116,1,1,1,1,1,2018,'Master Falabella',1077.53,1077.53,0,'2023-01-27 02:04:17','2023-01-27 02:04:17',NULL),(117,1,1,1,1,1,2018,'Naranja',1036.74,1036.74,0,'2023-01-27 02:04:17','2023-01-27 02:04:17',NULL),(118,1,1,1,3,1,2018,'Banco Satander',512.59,512.59,0,'2023-01-27 02:04:17','2023-01-27 02:04:17',NULL),(119,1,1,1,4,1,2018,'TeleRed',1232,1232,0,'2023-01-27 02:04:17','2023-01-27 02:04:17',NULL),(120,1,1,1,4,1,2018,'Naturgy',715,715,0,'2023-01-27 02:04:17','2023-01-27 02:04:17',NULL),(121,1,1,1,5,1,2018,'Municipal',348.92,348.92,0,'2023-01-27 02:04:17','2023-01-27 02:04:17',NULL),(122,1,1,1,4,1,2018,'Ospoce',336,336,0,'2023-01-27 02:04:17','2023-01-27 02:04:17',NULL),(123,1,1,1,5,1,2018,'Patente EIG066',267.08,267.08,0,'2023-01-27 02:04:17','2023-01-27 02:04:17',NULL),(124,1,1,1,2,1,2018,'Personal Nilda',786.41,786.41,0,'2023-01-27 02:04:17','2023-01-27 02:04:17',NULL),(125,1,1,1,2,1,2018,'Personal Mauro',624.95,624.95,0,'2023-01-27 02:04:17','2023-01-27 02:04:17',NULL),(126,1,1,1,4,1,2018,'Edenor',429.32,429.32,0,'2023-01-27 02:04:17','2023-01-27 02:04:17',NULL),(127,1,2,1,3,2,2018,'Banco Galicia',28531.6,14487.1,0,'2023-01-27 02:04:17','2023-01-27 02:04:17',NULL),(128,1,2,1,3,2,2018,'Credito Santander',6865.12,3432.56,0,'2023-01-27 02:04:17','2023-01-27 02:04:17',NULL),(129,1,2,1,3,2,2018,'Credito Frances',3662.35,3662.35,0,'2023-01-27 02:04:17','2023-01-27 02:04:17',NULL),(130,2,1,1,1,2,2018,'Visa Galicia',38696.4,5140,0,'2023-01-27 02:04:17','2023-01-27 02:04:17',NULL),(131,1,2,1,1,2,2018,'Visa Santander',27727.9,2370,0,'2023-01-27 02:04:17','2023-01-27 02:04:17',NULL),(132,1,2,1,1,2,2018,'Visa Frances',19315.1,2560,0,'2023-01-27 02:04:17','2023-01-27 02:04:17',NULL),(133,2,1,1,1,2,2018,'Amex Galicia',12658.6,1740,0,'2023-01-27 02:04:17','2023-01-27 02:04:17',NULL),(134,1,2,1,1,2,2018,'Amex Santander',502.18,30,0,'2023-01-27 02:04:17','2023-01-27 02:04:17',NULL),(135,1,2,1,1,2,2018,'Master Frances',23695.9,2680,0,'2023-01-27 02:04:17','2023-01-27 02:04:17',NULL),(136,1,2,1,1,2,2018,'Master Falabella',1754.36,468,0,'2023-01-27 02:04:17','2023-01-27 02:04:17',NULL),(137,1,2,1,1,2,2018,'Naranja',1036.74,1036.74,0,'2023-01-27 02:04:17','2023-01-27 02:04:17',NULL),(138,1,2,1,3,2,2018,'Banco Frances',1500,1500,0,'2023-01-27 02:04:17','2023-01-27 02:04:17',NULL),(139,1,2,1,3,2,2018,'Banco Santander',2159.32,2159.32,0,'2023-01-27 02:04:17','2023-01-27 02:04:17',NULL),(140,1,2,1,4,2,2018,'TeleRed',1233,1233,0,'2023-01-27 02:04:17','2023-01-27 02:04:17',NULL),(141,1,2,1,4,2,2018,'Fenosa',514.25,514.25,0,'2023-01-27 02:04:17','2023-01-27 02:04:17',NULL),(142,1,2,1,5,2,2018,'Municipal',3415.94,348.92,0,'2023-01-27 02:04:17','2023-01-27 02:04:17',NULL),(143,1,2,1,4,2,2018,'Ospoce',512,512,0,'2023-01-27 02:04:17','2023-01-27 02:04:17',NULL),(144,1,2,1,2,2,2018,'Personal Nilda',1704.81,805.35,0,'2023-01-27 02:04:17','2023-01-27 02:04:17',NULL),(145,1,2,1,2,2,2018,'Personal Mauro',1357.92,624.95,0,'2023-01-27 02:04:17','2023-01-27 02:04:17',NULL),(146,1,2,1,4,2,2018,'Edenor',772.02,772.02,0,'2023-01-27 02:04:17','2023-01-27 02:04:17',NULL),(147,1,2,1,3,3,2018,'Banco Galicia',28253,14274.6,0,'2023-01-27 02:04:17','2023-01-27 02:04:17',NULL),(148,1,2,1,3,3,2018,'Credito Santander',6817,3408.57,0,'2023-01-27 02:04:17','2023-01-27 02:04:17',NULL),(149,1,2,1,3,3,2018,'Credito Frances',3596.02,3596.02,0,'2023-01-27 02:04:17','2023-01-27 02:04:17',NULL),(150,1,2,1,1,3,2018,'Visa Galicia',47737.6,9340,0,'2023-01-27 02:04:17','2023-01-27 02:04:17',NULL),(151,1,2,1,1,3,2018,'Visa Santander',30312.8,2200,0,'2023-01-27 02:04:17','2023-01-27 02:04:17',NULL),(152,1,2,1,1,3,2018,'Visa Frances',20115.9,2770,0,'2023-01-27 02:04:17','2023-01-27 02:04:17',NULL),(153,1,2,1,1,3,2018,'Amex Galicia',16423.7,3640,0,'2023-01-27 02:04:17','2023-01-27 02:04:17',NULL),(154,1,2,1,1,3,2018,'Amex Santander',279.95,20,0,'2023-01-27 02:04:17','2023-01-27 02:04:17',NULL),(155,1,2,1,1,3,2018,'Master Frances',22887,3140,0,'2023-01-27 02:04:17','2023-01-27 02:04:17',NULL),(156,1,2,1,1,3,2018,'Master Falabella',1519.44,1519.44,0,'2023-01-27 02:04:17','2023-01-27 02:04:17',NULL),(157,1,2,1,1,3,2018,'Naranja',1036.75,1036.75,0,'2023-01-27 02:04:17','2023-01-27 02:04:17',NULL),(158,1,2,1,3,3,2018,'Banco Frances',1499.57,1499.57,0,'2023-01-27 02:04:17','2023-01-27 02:04:17',NULL),(159,1,2,1,3,3,2018,'Banco Santander',2061.44,2061.44,0,'2023-01-27 02:04:17','2023-01-27 02:04:17',NULL),(160,1,2,1,4,3,2018,'TeleRed',1233,1233,0,'2023-01-27 02:04:17','2023-01-27 02:04:17',NULL),(161,1,2,1,4,3,2018,'Fenosa',514.25,514.25,0,'2023-01-27 02:04:17','2023-01-27 02:04:17',NULL),(162,1,2,1,5,3,2018,'Municipal',3140.3,348.92,0,'2023-01-27 02:04:17','2023-01-27 02:04:17',NULL),(163,1,2,1,2,3,2018,'Personal Nilda',899.46,899.46,0,'2023-01-27 02:04:17','2023-01-27 02:04:17',NULL),(164,1,2,1,2,3,2018,'Personal Mauro',732.97,732.97,0,'2023-01-27 02:04:17','2023-01-27 02:04:17',NULL),(165,1,2,1,4,3,2018,'Edenor',802.87,802.87,0,'2023-01-27 02:04:17','2023-01-27 02:04:17',NULL),(166,1,2,1,5,3,2018,'Monotributo',167.69,167.69,0,'2023-01-27 02:04:17','2023-01-27 02:04:17',NULL),(167,1,2,1,6,3,2018,'Colegio Delfina',2055,2055,0,'2023-01-27 02:04:17','2023-01-27 02:04:17',NULL),(168,1,2,1,3,4,2018,'Banco Galicia',42994.6,14500,0,'2023-01-27 02:04:17','2023-01-27 02:04:17',NULL),(169,1,2,1,3,4,2018,'Credito Santander',6814.72,3407.36,0,'2023-01-27 02:04:17','2023-01-27 02:04:17',NULL),(170,1,2,1,3,4,2018,'Credito Frances',7346.84,3690.39,0,'2023-01-27 02:04:17','2023-01-27 02:04:17',NULL),(171,1,2,1,1,4,2018,'Visa Galicia',37788.3,4540,0,'2023-01-27 02:04:17','2023-01-27 02:04:17',NULL),(172,1,2,1,1,4,2018,'Visa Santander',32105.8,2480,0,'2023-01-27 02:04:17','2023-01-27 02:04:17',NULL),(173,1,2,1,1,4,2018,'Visa Frances',19265.9,2660,0,'2023-01-27 02:04:17','2023-01-27 02:04:17',NULL),(174,1,2,1,1,4,2018,'Amex Galicia',14136.1,1380,0,'2023-01-27 02:04:17','2023-01-27 02:04:17',NULL),(175,1,2,1,1,4,2018,'Amex Santander',279.95,20,0,'2023-01-27 02:04:17','2023-01-27 02:04:17',NULL),(176,1,2,1,1,4,2018,'Master Frances',20605.6,2830,0,'2023-01-27 02:04:17','2023-01-27 02:04:17',NULL),(177,1,2,1,1,4,2018,'Master Falabella',3869.53,517,0,'2023-01-27 02:04:17','2023-01-27 02:04:17',NULL),(178,1,2,1,1,4,2018,'Naranja',184.21,184.21,0,'2023-01-27 02:04:17','2023-01-27 02:04:17',NULL),(179,1,2,1,3,4,2018,'Banco Frances',1605.34,1605.34,0,'2023-01-27 02:04:17','2023-01-27 02:04:17',NULL),(180,1,2,1,3,4,2018,'Banco Santander',2066.74,2066.74,0,'2023-01-27 02:04:17','2023-01-27 02:04:17',NULL),(181,1,2,1,4,4,2018,'TeleRed',1429,1429,0,'2023-01-27 02:04:17','2023-01-27 02:04:17',NULL),(182,1,2,1,4,4,2018,'Fenosa',685.32,685.32,0,'2023-01-27 02:04:17','2023-01-27 02:04:17',NULL),(183,1,2,1,5,4,2018,'Municipal',348.92,348.92,0,'2023-01-27 02:04:17','2023-01-27 02:04:17',NULL),(184,1,2,1,4,4,2018,'Ospoce',401,401,0,'2023-01-27 02:04:17','2023-01-27 02:04:17',NULL),(185,1,2,1,5,4,2018,'Patente EIG066',667.69,667.69,0,'2023-01-27 02:04:17','2023-01-27 02:04:17',NULL),(186,1,2,1,2,4,2018,'Personal Nilda',964.85,964.85,0,'2023-01-27 02:04:17','2023-01-27 02:04:17',NULL),(187,1,2,1,2,4,2018,'Personal Mauro',774.14,774.14,0,'2023-01-27 02:04:17','2023-01-27 02:04:17',NULL),(188,1,2,1,4,4,2018,'Edenor',835,835,0,'2023-01-27 02:04:17','2023-01-27 02:04:17',NULL),(189,1,2,1,5,4,2018,'Monotributo',167.69,167.69,0,'2023-01-27 02:04:17','2023-01-27 02:04:17',NULL),(190,1,2,1,3,5,2018,'Banco Galicia',42938.1,14900,0,'2023-01-27 02:04:17','2023-01-27 02:04:17',NULL),(191,1,2,1,3,5,2018,'Credito Santander',6807.3,3403.65,0,'2023-01-27 02:04:17','2023-01-27 02:04:17',NULL),(192,1,2,1,3,5,2018,'Credito Frances',3633.01,0,0,'2023-01-27 02:04:17','2023-01-27 02:04:17',NULL),(193,1,2,1,1,5,2018,'Visa Galicia',36466.7,4500,0,'2023-01-27 02:04:17','2023-01-27 02:04:17',NULL),(194,1,2,1,1,5,2018,'Visa Santander',33840.8,2760,0,'2023-01-27 02:04:17','2023-01-27 02:04:17',NULL),(195,1,2,1,1,5,2018,'Visa Frances',17631.2,2640,0,'2023-01-27 02:04:17','2023-01-27 02:04:17',NULL),(196,1,2,1,1,5,2018,'Amex Galicia',13336,1210,0,'2023-01-27 02:04:17','2023-01-27 02:04:17',NULL),(197,1,2,1,1,5,2018,'Master Frances',20590.9,6390,0,'2023-01-27 02:04:17','2023-01-27 02:04:17',NULL),(198,1,2,1,1,5,2018,'Master Falabella',13826.5,1779.79,0,'2023-01-27 02:04:17','2023-01-27 02:04:17',NULL),(199,1,2,1,1,5,2018,'Naranja',183.25,183.25,0,'2023-01-27 02:04:17','2023-01-27 02:04:17',NULL),(200,1,2,1,3,5,2018,'Banco Frances',1605.12,1605.12,0,'2023-01-27 02:04:17','2023-01-27 02:04:17',NULL),(201,1,2,1,3,5,2018,'Banco Santander',1878.24,1878.24,0,'2023-01-27 02:04:17','2023-01-27 02:04:17',NULL),(202,1,2,1,4,5,2018,'TeleRed',1571.99,1571.99,0,'2023-01-27 02:04:17','2023-01-27 02:04:17',NULL),(203,1,2,1,4,5,2018,'Fenosa',685.32,685.32,0,'2023-01-27 02:04:17','2023-01-27 02:04:17',NULL),(204,1,2,1,5,5,2018,'Municipal',348.92,348.92,0,'2023-01-27 02:04:17','2023-01-27 02:04:17',NULL),(205,1,2,1,4,5,2018,'Ospoce',779,779,0,'2023-01-27 02:04:17','2023-01-27 02:04:17',NULL),(206,1,2,1,2,5,2018,'Personal Nilda',1053.9,0,0,'2023-01-27 02:04:17','2023-01-27 02:04:17',NULL),(207,1,2,1,2,5,2018,'Personal Mauro',863,0,0,'2023-01-27 02:04:17','2023-01-27 02:04:17',NULL),(208,1,2,1,4,5,2018,'Edenor',757.53,757.53,0,'2023-01-27 02:04:17','2023-01-27 02:04:17',NULL),(209,1,2,1,5,5,2018,'Monotributo',167.69,167.69,0,'2023-01-27 02:04:17','2023-01-27 02:04:17',NULL),(210,1,2,1,6,5,2018,'Arreglo techo Tato',2350,2350,0,'2023-01-27 02:04:17','2023-01-27 02:04:17',NULL),(211,1,2,1,3,6,2018,'Banco Galicia',42892.4,14885,0,'2023-01-27 02:04:17','2023-01-27 02:04:17',NULL),(212,1,2,1,3,6,2018,'Credito Santander',6756.97,3400.05,0,'2023-01-27 02:04:17','2023-01-27 02:04:17',NULL),(213,1,2,1,3,6,2018,'Credito Frances',3651.41,3651.41,0,'2023-01-27 02:04:17','2023-01-27 02:04:17',NULL),(214,1,2,1,1,6,2018,'Visa Galicia',44963.3,5910,0,'2023-01-27 02:04:17','2023-01-27 02:04:17',NULL),(215,1,2,1,1,6,2018,'Visa Santander',35714.8,3310,0,'2023-01-27 02:04:17','2023-01-27 02:04:17',NULL),(216,1,2,1,1,6,2018,'Visa Frances',18583.8,2690,0,'2023-01-27 02:04:17','2023-01-27 02:04:17',NULL),(217,1,2,1,1,6,2018,'Amex Galicia',14044.6,2520,0,'2023-01-27 02:04:17','2023-01-27 02:04:17',NULL),(218,1,2,1,1,6,2018,'Master Frances',21165.8,3180,0,'2023-01-27 02:04:17','2023-01-27 02:04:17',NULL),(219,1,2,1,1,6,2018,'Master Falabella',14831.4,2260.99,0,'2023-01-27 02:04:17','2023-01-27 02:04:17',NULL),(220,1,2,1,1,6,2018,'Naranja',183.25,183.25,0,'2023-01-27 02:04:17','2023-01-27 02:04:17',NULL),(221,1,2,1,3,6,2018,'Banco Frances',1500,1500,0,'2023-01-27 02:04:17','2023-01-27 02:04:17',NULL),(222,1,2,1,3,6,2018,'Banco Santander',2085.53,2085.53,0,'2023-01-27 02:04:17','2023-01-27 02:04:17',NULL),(223,1,2,1,4,6,2018,'TeleRed',1571.99,1571.99,0,'2023-01-27 02:04:17','2023-01-27 02:04:17',NULL),(224,1,2,1,4,6,2018,'Fenosa',780.08,780.08,0,'2023-01-27 02:04:17','2023-01-27 02:04:17',NULL),(225,1,2,1,5,6,2018,'Municipal',2600,348.92,0,'2023-01-27 02:04:17','2023-01-27 02:04:17',NULL),(226,1,2,1,4,6,2018,'Ospoce',998,998,0,'2023-01-27 02:04:17','2023-01-27 02:04:17',NULL),(227,1,2,1,5,6,2018,'Patente EIG066',667.69,667.69,0,'2023-01-27 02:04:17','2023-01-27 02:04:17',NULL),(228,1,2,1,2,6,2018,'Personal Nilda',985.23,985.23,0,'2023-01-27 02:04:17','2023-01-27 02:04:17',NULL),(229,1,2,1,2,6,2018,'Personal Mauro',148.55,148.55,0,'2023-01-27 02:04:17','2023-01-27 02:04:17',NULL),(230,1,2,1,4,6,2018,'Edenor',634.77,634.77,0,'2023-01-27 02:04:17','2023-01-27 02:04:17',NULL),(231,1,2,1,5,6,2018,'Monotributo',167.69,167.69,0,'2023-01-27 02:04:17','2023-01-27 02:04:17',NULL),(232,1,2,1,3,7,2018,'Banco Galicia',28903.3,14500,0,'2023-01-27 02:04:17','2023-01-27 02:04:17',NULL),(233,1,2,1,3,7,2018,'Credito Santander',6738.86,3391.16,0,'2023-01-27 02:04:17','2023-01-27 02:04:17',NULL),(234,1,2,1,3,7,2018,'Credito Frances',3627.99,3627.99,0,'2023-01-27 02:04:17','2023-01-27 02:04:17',NULL),(235,1,2,1,1,7,2018,'Visa Galicia',45311.1,6060,0,'2023-01-27 02:04:17','2023-01-27 02:04:17',NULL),(236,1,2,1,1,7,2018,'Visa Santander',36608,4200,0,'2023-01-27 02:04:17','2023-01-27 02:04:17',NULL),(237,1,2,1,1,7,2018,'Visa Frances',24531.1,3350,0,'2023-01-27 02:04:17','2023-01-27 02:04:17',NULL),(238,1,2,1,1,7,2018,'Amex Galicia',10795.6,990,0,'2023-01-27 02:04:17','2023-01-27 02:04:17',NULL),(239,1,2,1,1,7,2018,'Master Frances',23340.8,2980,0,'2023-01-27 02:04:17','2023-01-27 02:04:17',NULL),(240,1,2,1,1,7,2018,'Master Falabella',14977.9,2335.61,0,'2023-01-27 02:04:17','2023-01-27 02:04:17',NULL),(241,1,2,1,1,7,2018,'Naranja',183.25,183.25,0,'2023-01-27 02:04:17','2023-01-27 02:04:17',NULL),(242,1,2,1,3,7,2018,'Banco Frances',1500,1500,0,'2023-01-27 02:04:17','2023-01-27 02:04:17',NULL),(243,1,2,1,3,7,2018,'Banco Santander',2117,2117,0,'2023-01-27 02:04:17','2023-01-27 02:04:17',NULL),(244,1,2,1,4,7,2018,'TeleRed',1571.99,1571.99,0,'2023-01-27 02:04:17','2023-01-27 02:04:17',NULL),(245,1,2,1,4,7,2018,'Fenosa',780.08,780.08,0,'2023-01-27 02:04:17','2023-01-27 02:04:17',NULL),(246,1,2,1,5,7,2018,'Municipal',2316.8,348.92,0,'2023-01-27 02:04:17','2023-01-27 02:04:17',NULL),(247,1,2,1,4,7,2018,'Ospoce',984,984,0,'2023-01-27 02:04:17','2023-01-27 02:04:17',NULL),(248,1,2,1,2,7,2018,'Personal Nilda',1961.68,968.28,0,'2023-01-27 02:04:17','2023-01-27 02:04:17',NULL),(249,1,2,1,2,7,2018,'Personal Mauro',484.35,484.35,0,'2023-01-27 02:04:17','2023-01-27 02:04:17',NULL),(250,1,2,1,4,7,2018,'Edenor',657.1,657.1,0,'2023-01-27 02:04:17','2023-01-27 02:04:17',NULL),(251,1,2,1,5,7,2018,'Monotributo',167.69,167.69,0,'2023-01-27 02:04:17','2023-01-27 02:04:17',NULL),(252,1,2,1,6,7,2018,'Colegio Delfina',4320,2160,0,'2023-01-27 02:04:17','2023-01-27 02:04:17',NULL),(253,1,2,1,3,7,2018,'Credito Santander',9000,9000,0,'2023-01-27 02:04:17','2023-01-27 02:04:17',NULL),(254,1,2,1,1,7,2018,'Visa Galicia',2500,2500,0,'2023-01-27 02:04:17','2023-01-27 02:04:17',NULL),(255,1,2,1,3,7,2018,'Banco Galicia',3700,3700,0,'2023-01-27 02:04:17','2023-01-27 02:04:17',NULL),(256,1,2,1,6,7,2018,'Comedor Delfina',400,200,0,'2023-01-27 02:04:17','2023-01-27 02:04:17',NULL),(257,1,2,1,3,8,2018,'Banco Galicia',27942,14200,0,'2023-01-27 02:04:17','2023-01-27 02:04:17',NULL),(258,1,2,1,3,8,2018,'Credito Santander',6769.86,3384.93,0,'2023-01-27 02:04:17','2023-01-27 02:04:17',NULL),(259,1,2,1,3,8,2018,'Credito Frances',3646.08,3646.08,0,'2023-01-27 02:04:17','2023-01-27 02:04:17',NULL),(260,1,2,1,1,8,2018,'Visa Galicia',45388.1,5950,0,'2023-01-27 02:04:17','2023-01-27 02:04:17',NULL),(261,1,2,1,1,8,2018,'Visa Santander',36561.2,4160,0,'2023-01-27 02:04:17','2023-01-27 02:04:17',NULL),(262,1,2,1,1,8,2018,'Visa Frances',28648.3,4030,0,'2023-01-27 02:04:17','2023-01-27 02:04:17',NULL),(263,1,2,1,1,8,2018,'Amex Galicia',10308.4,990,0,'2023-01-27 02:04:17','2023-01-27 02:04:17',NULL),(264,1,2,1,1,8,2018,'Master Frances',23562.6,3030,0,'2023-01-27 02:04:17','2023-01-27 02:04:17',NULL),(265,1,2,1,1,8,2018,'Master Falabella',15028.1,2321.15,0,'2023-01-27 02:04:17','2023-01-27 02:04:17',NULL),(266,1,2,1,1,8,2018,'Naranja',183.25,183.25,0,'2023-01-27 02:04:17','2023-01-27 02:04:17',NULL),(267,1,2,1,3,8,2018,'Banco Frances',1500,1500,0,'2023-01-27 02:04:17','2023-01-27 02:04:17',NULL),(268,1,2,1,3,8,2018,'Banco Santander',1716.81,1716.81,0,'2023-01-27 02:04:17','2023-01-27 02:04:17',NULL),(269,1,2,1,4,8,2018,'TeleRed',1571.99,1571.99,0,'2023-01-27 02:04:17','2023-01-27 02:04:17',NULL),(270,1,2,1,4,8,2018,'Fenosa',1275.32,1275.32,0,'2023-01-27 02:04:17','2023-01-27 02:04:17',NULL),(271,1,2,1,5,8,2018,'Municipal',348.92,348.92,0,'2023-01-27 02:04:17','2023-01-27 02:04:17',NULL),(272,1,2,1,4,8,2018,'Ospoce',1291,1291,0,'2023-01-27 02:04:17','2023-01-27 02:04:17',NULL),(273,1,2,1,5,8,2018,'Patente EIG066',667.69,667.69,0,'2023-01-27 02:04:17','2023-01-27 02:04:17',NULL),(274,1,2,1,2,8,2018,'Personal Mauro',420.01,420.01,0,'2023-01-27 02:04:17','2023-01-27 02:04:17',NULL),(275,1,2,1,4,8,2018,'Edenor',861.6,861.6,0,'2023-01-27 02:04:17','2023-01-27 02:04:17',NULL),(276,1,2,1,5,8,2018,'Monotributo',167.69,167.69,0,'2023-01-27 02:04:17','2023-01-27 02:04:17',NULL),(277,1,2,1,3,8,2018,'Credito Santander',4500,4500,0,'2023-01-27 02:04:17','2023-01-27 02:04:17',NULL),(278,1,2,1,3,8,2018,'Maria Sol',25000,12500,0,'2023-01-27 02:04:17','2023-01-27 02:04:17',NULL),(279,1,2,1,3,9,2018,'Banco Galicia',27942,14179.6,0,'2023-01-27 02:04:17','2023-01-27 02:04:17',NULL),(280,1,2,1,3,9,2018,'Credito Santander',6769.86,3380.49,0,'2023-01-27 02:04:17','2023-01-27 02:04:17',NULL),(281,1,2,1,3,9,2018,'Credito Frances',7292.16,3646.08,0,'2023-01-27 02:04:17','2023-01-27 02:04:17',NULL),(282,1,2,1,1,9,2018,'Visa Galicia',52811.8,13190,0,'2023-01-27 02:04:17','2023-01-27 02:04:17',NULL),(283,1,2,1,1,9,2018,'Visa Santander',41711,9310,0,'2023-01-27 02:04:17','2023-01-27 02:04:17',NULL),(284,1,2,1,1,9,2018,'Visa Frances',30920.4,7770,0,'2023-01-27 02:04:17','2023-01-27 02:04:17',NULL),(285,1,2,1,1,9,2018,'Amex Galicia',9991.87,1130,0,'2023-01-27 02:04:17','2023-01-27 02:04:17',NULL),(286,1,2,1,1,9,2018,'Master Frances',27436.4,7300,0,'2023-01-27 02:04:17','2023-01-27 02:04:17',NULL),(287,1,2,1,1,9,2018,'Master Falabella',15084,2442.91,0,'2023-01-27 02:04:17','2023-01-27 02:04:17',NULL),(288,1,2,1,1,9,2018,'Naranja',207.74,207.74,0,'2023-01-27 02:04:17','2023-01-27 02:04:17',NULL),(289,1,2,1,3,9,2018,'Banco Santander',1889.99,1889.99,0,'2023-01-27 02:04:17','2023-01-27 02:04:17',NULL),(290,1,2,1,4,9,2018,'TeleRed',1745.99,1745.99,0,'2023-01-27 02:04:17','2023-01-27 02:04:17',NULL),(291,1,2,1,4,9,2018,'Fenosa',1275.32,1275.32,0,'2023-01-27 02:04:17','2023-01-27 02:04:17',NULL),(292,1,2,1,5,9,2018,'Municipal',1339.88,348.92,0,'2023-01-27 02:04:17','2023-01-27 02:04:17',NULL),(293,1,2,1,4,9,2018,'Ospoce',1291,0,0,'2023-01-27 02:04:17','2023-01-27 02:04:17',NULL),(294,1,2,1,2,9,2018,'Personal Mauro',420.01,420.01,0,'2023-01-27 02:04:17','2023-01-27 02:04:17',NULL),(295,1,2,1,4,9,2018,'Edenor',874.94,874.94,0,'2023-01-27 02:04:17','2023-01-27 02:04:17',NULL),(296,1,2,1,5,9,2018,'Monotributo',167.69,167.69,0,'2023-01-27 02:04:17','2023-01-27 02:04:17',NULL),(297,1,2,1,6,9,2018,'Sepelio Tato',6000,6000,0,'2023-01-27 02:04:17','2023-01-27 02:04:17',NULL),(298,1,2,1,3,9,2018,'Maria Sol',25000,12500,0,'2023-01-27 02:04:17','2023-01-27 02:04:17',NULL),(299,1,2,1,3,10,2018,'Banco Galicia',42277.9,14000,0,'2023-01-27 02:04:17','2023-01-27 02:04:17',NULL),(300,1,2,1,3,10,2018,'Credito Santander',6737.08,3368.54,0,'2023-01-27 02:04:17','2023-01-27 02:04:17',NULL),(301,1,2,1,3,10,2018,'Credito Frances',3643.6,3643.6,0,'2023-01-27 02:04:17','2023-01-27 02:04:17',NULL),(302,1,2,1,1,10,2018,'Visa Galicia',60157.1,13127,0,'2023-01-27 02:04:17','2023-01-27 02:04:17',NULL),(303,1,2,1,1,10,2018,'Visa Santander',45284.8,12880,0,'2023-01-27 02:04:17','2023-01-27 02:04:17',NULL),(304,1,2,1,1,10,2018,'Visa Frances',27995,6200,0,'2023-01-27 02:04:17','2023-01-27 02:04:17',NULL),(305,1,2,1,1,10,2018,'Amex Galicia',10557.4,2130,0,'2023-01-27 02:04:17','2023-01-27 02:04:17',NULL),(306,1,2,1,1,10,2018,'Master Frances',24811.7,5680,0,'2023-01-27 02:04:17','2023-01-27 02:04:17',NULL),(307,1,2,1,1,10,2018,'Master Falabella',17592.8,2717.06,0,'2023-01-27 02:04:17','2023-01-27 02:04:17',NULL),(308,1,2,1,1,10,2018,'Naranja',207.74,207.74,0,'2023-01-27 02:04:17','2023-01-27 02:04:17',NULL),(309,1,2,1,3,10,2018,'Banco Santander',1885.79,1885.79,0,'2023-01-27 02:04:17','2023-01-27 02:04:17',NULL),(310,1,2,1,4,10,2018,'TeleRed',1745.99,1745.99,0,'2023-01-27 02:04:17','2023-01-27 02:04:17',NULL),(311,1,2,1,4,10,2018,'Fenosa',1185.39,1185.39,0,'2023-01-27 02:04:17','2023-01-27 02:04:17',NULL),(312,1,2,1,5,10,2018,'Municipal',1364.27,348.92,0,'2023-01-27 02:04:17','2023-01-27 02:04:17',NULL),(313,1,2,1,4,10,2018,'Ospoce',1227,1227,0,'2023-01-27 02:04:17','2023-01-27 02:04:17',NULL),(314,1,2,1,5,10,2018,'Patente EIG066',667.69,667.69,0,'2023-01-27 02:04:17','2023-01-27 02:04:17',NULL),(315,1,2,1,2,10,2018,'Personal Nilda',0,1119,0,'2023-01-27 02:04:17','2023-01-27 02:04:17',NULL),(316,1,2,1,2,10,2018,'Personal Mauro',0,420,0,'2023-01-27 02:04:17','2023-01-27 02:04:17',NULL),(317,1,2,1,4,10,2018,'Edenor',898.91,898.91,0,'2023-01-27 02:04:17','2023-01-27 02:04:17',NULL),(318,1,2,1,5,10,2018,'Monotributo',167.69,167.69,0,'2023-01-27 02:04:17','2023-01-27 02:04:17',NULL),(319,1,2,1,6,10,2018,'Cumple Delfina',4500,4500,0,'2023-01-27 02:04:17','2023-01-27 02:04:17',NULL),(320,1,2,1,3,10,2018,'Maria Sol',25000,12500,0,'2023-01-27 02:04:17','2023-01-27 02:04:17',NULL),(321,1,2,1,3,11,2018,'Banco Galicia',28543.1,14000,0,'2023-01-27 02:04:17','2023-01-27 02:04:17',NULL),(322,1,2,1,3,11,2018,'Credito Santander',3352.8,3343.6,0,'2023-01-27 02:04:17','2023-01-27 02:04:17',NULL),(323,1,2,1,3,11,2018,'Credito Frances',3707.34,3707.34,0,'2023-01-27 02:04:17','2023-01-27 02:04:17',NULL),(324,1,2,1,1,11,2018,'Visa Galicia',60157.1,3000,0,'2023-01-27 02:04:17','2023-01-27 02:04:17',NULL),(325,1,2,1,1,11,2018,'Visa Santander',45284.8,12500,0,'2023-01-27 02:04:17','2023-01-27 02:04:17',NULL),(326,1,2,1,1,11,2018,'Visa Frances',25913,4117.96,0,'2023-01-27 02:04:17','2023-01-27 02:04:17',NULL),(327,1,2,1,1,11,2018,'Amex Galicia',9127.61,1120,0,'2023-01-27 02:04:17','2023-01-27 02:04:17',NULL),(328,1,2,1,1,11,2018,'Master Frances',21459,2327.32,0,'2023-01-27 02:04:17','2023-01-27 02:04:17',NULL),(329,1,2,1,1,11,2018,'Master Falabella',18512.1,2933.51,0,'2023-01-27 02:04:17','2023-01-27 02:04:17',NULL),(330,1,2,1,1,11,2018,'Naranja',214.03,214.03,0,'2023-01-27 02:04:17','2023-01-27 02:04:17',NULL),(331,1,2,1,3,11,2018,'Banco Santander',2254.9,2254.9,0,'2023-01-27 02:04:17','2023-01-27 02:04:17',NULL),(332,1,2,1,4,11,2018,'TeleRed',1749.99,1749.99,0,'2023-01-27 02:04:17','2023-01-27 02:04:17',NULL),(333,1,2,1,4,11,2018,'Fenosa',1185.39,1185.39,0,'2023-01-27 02:04:17','2023-01-27 02:04:17',NULL),(334,1,2,1,5,11,2018,'Municipal',683.88,348.92,0,'2023-01-27 02:04:17','2023-01-27 02:04:17',NULL),(335,1,2,1,4,11,2018,'Ospoce',0,1250,0,'2023-01-27 02:04:17','2023-01-27 02:04:17',NULL),(336,1,2,1,2,11,2018,'Personal Nilda',0,1191.61,0,'2023-01-27 02:04:17','2023-01-27 02:04:17',NULL),(337,1,2,1,2,11,2018,'Personal Mauro',0,420.01,0,'2023-01-27 02:04:17','2023-01-27 02:04:17',NULL),(338,1,2,1,4,11,2018,'Edenor',901.42,901.42,0,'2023-01-27 02:04:17','2023-01-27 02:04:17',NULL),(339,1,2,1,5,11,2018,'Monotributo',167.69,167.69,0,'2023-01-27 02:04:17','2023-01-27 02:04:17',NULL),(340,1,2,1,6,11,2018,'Colegio Delfina',12500,12500,0,'2023-01-27 02:04:17','2023-01-27 02:04:17',NULL),(341,1,2,1,3,11,2018,'Maria Sol',12500,0,0,'2023-01-27 02:04:17','2023-01-27 02:04:17',NULL),(342,1,2,1,3,12,2018,'Banco Galicia',28543.1,14000,0,'2023-01-27 02:04:17','2023-01-27 02:04:17',NULL),(343,1,2,1,3,12,2018,'Credito Santander',3309.79,3309.79,0,'2023-01-27 02:04:17','2023-01-27 02:04:17',NULL),(344,1,2,1,3,12,2018,'Credito Frances',3707.34,3707.34,0,'2023-01-27 02:04:17','2023-01-27 02:04:17',NULL),(345,1,2,1,1,12,2018,'Visa Galicia',54948.9,11900,0,'2023-01-27 02:04:17','2023-01-27 02:04:17',NULL),(346,1,2,1,1,12,2018,'Visa Santander',50000,50000,0,'2023-01-27 02:04:17','2023-01-27 02:04:17',NULL),(347,1,2,1,1,12,2018,'Visa Frances',26854.9,6010,0,'2023-01-27 02:04:17','2023-01-27 02:04:17',NULL),(348,1,2,1,1,12,2018,'Amex Galicia',9127.61,2000,0,'2023-01-27 02:04:17','2023-01-27 02:04:17',NULL),(349,1,2,1,1,12,2018,'Master Frances',25159.2,2440,0,'2023-01-27 02:04:17','2023-01-27 02:04:17',NULL),(350,1,2,1,1,12,2018,'Master Falabella',21491.4,3450.94,0,'2023-01-27 02:04:17','2023-01-27 02:04:17',NULL),(351,1,2,1,1,12,2018,'Naranja',214.03,214.03,0,'2023-01-27 02:04:17','2023-01-27 02:04:17',NULL),(352,1,2,1,3,12,2018,'Banco Santander',1959.67,1959.67,0,'2023-01-27 02:04:17','2023-01-27 02:04:17',NULL),(353,1,2,1,4,12,2018,'TeleRed',1749.99,1749.99,0,'2023-01-27 02:04:17','2023-01-27 02:04:17',NULL),(354,1,2,1,4,12,2018,'Fenosa',1154.31,1154.31,0,'2023-01-27 02:04:17','2023-01-27 02:04:17',NULL),(355,1,2,1,5,12,2018,'Municipal',348.92,348.92,0,'2023-01-27 02:04:17','2023-01-27 02:04:17',NULL),(356,1,2,1,4,12,2018,'Ospoce',1674,1674,0,'2023-01-27 02:04:17','2023-01-27 02:04:17',NULL),(357,1,2,1,5,12,2018,'Patente EIG066',667.69,667.69,0,'2023-01-27 02:04:17','2023-01-27 02:04:17',NULL),(358,1,2,1,2,12,2018,'Personal Nilda',1389.57,1389.57,0,'2023-01-27 02:04:17','2023-01-27 02:04:17',NULL),(359,1,2,1,2,12,2018,'Personal Mauro',520,520,0,'2023-01-27 02:04:17','2023-01-27 02:04:17',NULL),(360,1,2,1,4,12,2018,'Edenor',798.2,798.2,0,'2023-01-27 02:04:17','2023-01-27 02:04:17',NULL),(361,1,2,1,5,12,2018,'Monotributo',167.69,167.69,0,'2023-01-27 02:04:17','2023-01-27 02:04:17',NULL),(362,1,2,1,6,12,2018,'Colegio Delfina',2925,2925,0,'2023-01-27 02:04:17','2023-01-27 02:04:17',NULL),(363,1,2,1,6,12,2018,'Colegio Delfina',7416,3708,0,'2023-01-27 02:04:17','2023-01-27 02:04:17',NULL),(364,1,2,1,3,12,2018,'Banco Galicia',2140.96,2140.96,0,'2023-01-27 02:04:17','2023-01-27 02:04:17',NULL),(365,1,2,1,3,12,2018,'Maria Sol',12500,12500,0,'2023-01-27 02:04:17','2023-01-27 02:04:17',NULL),(366,1,2,1,3,1,2019,'Banco Galicia',28554.3,14000,0,'2023-01-27 02:04:17','2023-01-27 02:04:17',NULL),(367,1,2,1,3,1,2019,'Credito Santander',6138,6138,0,'2023-01-27 02:04:17','2023-01-27 02:04:17',NULL),(368,1,2,1,3,1,2019,'Credito Frances',3631.8,3631.8,0,'2023-01-27 02:04:17','2023-01-27 02:04:17',NULL),(369,1,2,1,1,1,2019,'Visa Galicia',50789.4,14710,0,'2023-01-27 02:04:17','2023-01-27 02:04:17',NULL),(370,1,2,1,3,1,2019,'Banco santander',4734.9,4734.9,0,'2023-01-27 02:04:17','2023-01-27 02:04:17',NULL),(371,1,2,1,1,1,2019,'Visa Frances',22653.2,2740,0,'2023-01-27 02:04:17','2023-01-27 02:04:17',NULL),(372,1,2,1,1,1,2019,'Amex Galicia',7137.97,870,0,'2023-01-27 02:04:17','2023-01-27 02:04:17',NULL),(373,1,2,1,1,1,2019,'Master Frances',26819.8,3240,0,'2023-01-27 02:04:17','2023-01-27 02:04:17',NULL),(374,1,2,1,1,1,2019,'Master Falabella',21368.2,3902.56,0,'2023-01-27 02:04:17','2023-01-27 02:04:17',NULL),(375,1,2,1,1,1,2019,'Naranja',214.03,214.03,0,'2023-01-27 02:04:17','2023-01-27 02:04:17',NULL),(376,1,2,1,4,1,2019,'TeleRed',2038.99,2038.99,0,'2023-01-27 02:04:17','2023-01-27 02:04:17',NULL),(377,1,2,1,4,1,2019,'Fenosa',1154.31,1154.31,0,'2023-01-27 02:04:17','2023-01-27 02:04:17',NULL),(378,1,2,1,5,1,2019,'Municipal',4752.36,450.03,0,'2023-01-27 02:04:17','2023-01-27 02:04:17',NULL),(379,1,2,1,4,1,2019,'Ospoce',1464,1464,0,'2023-01-27 02:04:17','2023-01-27 02:04:17',NULL),(380,1,2,1,2,1,2019,'Personal Nilda',570.84,570.84,0,'2023-01-27 02:04:17','2023-01-27 02:04:17',NULL),(381,1,2,1,2,1,2019,'Personal Mauro',520,520,0,'2023-01-27 02:04:17','2023-01-27 02:04:17',NULL),(382,1,2,1,5,1,2019,'Monotributo',215.42,215.42,0,'2023-01-27 02:04:17','2023-01-27 02:04:17',NULL),(383,1,2,1,3,1,2019,'Maria Sol',12500,0,0,'2023-01-27 02:04:17','2023-01-27 02:04:17',NULL),(384,1,2,1,5,2,2019,'Monotributo',215.42,215.42,0,'2023-01-27 02:04:17','2023-01-27 02:04:17',NULL),(385,1,2,1,6,2,2019,'Colonia Delfina',2300,2300,0,'2023-01-27 02:04:17','2023-01-27 02:04:17',NULL),(386,1,2,1,3,2,2019,'Credito Frances',3628.92,3628.92,0,'2023-01-27 02:04:17','2023-01-27 02:04:17',NULL),(387,1,2,1,3,2,2019,'Banco Galicia',26947.8,13503.3,0,'2023-01-27 02:04:17','2023-01-27 02:04:17',NULL),(388,1,2,1,4,2,2019,'Edenor',1131.87,1131.87,0,'2023-01-27 02:04:17','2023-01-27 02:04:17',NULL),(389,1,2,1,4,2,2019,'Fenosa',1067.28,1067.78,0,'2023-01-27 02:04:17','2023-01-27 02:04:17',NULL),(390,1,2,1,3,2,2019,'Maria Sol',12500,0,0,'2023-01-27 02:04:17','2023-01-27 02:04:17',NULL),(391,1,2,1,5,2,2019,'Municipal',4405.72,450.03,0,'2023-01-27 02:04:17','2023-01-27 02:04:17',NULL),(392,1,2,1,6,2,2019,'Colegio Delfina',7416,3708,0,'2023-01-27 02:04:17','2023-01-27 02:04:17',NULL),(393,1,2,1,4,2,2019,'Ospoce',1866,1866,0,'2023-01-27 02:04:17','2023-01-27 02:04:17',NULL),(394,1,2,1,5,2,2019,'Patente EIG066',5023.65,418.64,0,'2023-01-27 02:04:17','2023-01-27 02:04:17',NULL),(395,1,2,1,2,2,2019,'Personal Mauro',480.01,480.01,0,'2023-01-27 02:04:17','2023-01-27 02:04:17',NULL),(396,1,2,1,2,2,2019,'Personal Nilda',576.24,576.24,0,'2023-01-27 02:04:17','2023-01-27 02:04:17',NULL),(397,1,2,1,3,2,2019,'Credito Santander',8646.48,8646.48,0,'2023-01-27 02:04:17','2023-01-27 02:04:17',NULL),(398,1,2,1,4,2,2019,'Seguro Rivadavia',1620,1620,0,'2023-01-27 02:04:17','2023-01-27 02:04:17',NULL),(399,1,2,1,1,2,2019,'Amex Galicia',6827.71,920,0,'2023-01-27 02:04:17','2023-01-27 02:04:17',NULL),(400,1,2,1,1,2,2019,'Master Falabella',6914.94,3116.94,4500,'2023-01-27 02:04:17','2023-01-27 02:04:17',NULL),(401,1,2,1,1,2,2019,'Master Frances',29983.8,7700,0,'2023-01-27 02:04:17','2023-01-27 02:04:17',NULL),(402,1,2,1,1,2,2019,'Naranja',214.03,214.03,0,'2023-01-27 02:04:17','2023-01-27 02:04:17',NULL),(403,1,2,1,1,2,2019,'Visa Frances',27782.8,3600,0,'2023-01-27 02:04:17','2023-01-27 02:04:17',NULL),(404,1,2,1,1,2,2019,'Visa Galicia',56488.7,22210,0,'2023-01-27 02:04:17','2023-01-27 02:04:17',NULL),(405,1,2,1,4,2,2019,'TeleRed',2038.99,2038.99,0,'2023-01-27 02:04:17','2023-01-27 02:04:17',NULL),(406,1,2,1,3,3,2019,'Banco Galicia',40125.6,13444.5,0,'2023-01-27 02:04:17','2023-01-27 02:04:17',NULL),(407,1,2,1,3,3,2019,'Credito Santander',8646.48,8646.48,0,'2023-01-27 02:04:17','2023-01-27 02:04:17',NULL),(408,1,2,1,3,3,2019,'Credito Frances',3565.01,3565.01,0,'2023-01-27 02:04:17','2023-01-27 02:04:17',NULL),(409,1,2,1,1,3,2019,'Visa Galicia',35220.1,2750,0,'2023-01-27 02:04:17','2023-01-27 02:04:17',NULL),(410,1,2,1,4,3,2019,'Seguro Rivadavia',1620.92,1620.92,0,'2023-01-27 02:04:17','2023-01-27 02:04:17',NULL),(411,1,2,1,1,3,2019,'Visa Frances',29096.8,5800,0,'2023-01-27 02:04:17','2023-01-27 02:04:17',NULL),(412,1,2,1,1,3,2019,'Amex Galicia',6421.36,760,800,'2023-01-27 02:04:17','2023-01-27 02:04:17',NULL),(413,1,2,1,1,3,2019,'Master Frances',29124.6,7850,0,'2023-01-27 02:04:17','2023-01-27 02:04:17',NULL),(414,1,2,1,1,3,2019,'Master Falabella',10948.2,3018.72,0,'2023-01-27 02:04:17','2023-01-27 02:04:17',NULL),(415,1,2,1,1,3,2019,'Naranja',255.66,255.66,0,'2023-01-27 02:04:17','2023-01-27 02:04:17',NULL),(416,1,2,1,4,3,2019,'TeleRed',2038.99,2038.99,0,'2023-01-27 02:04:17','2023-01-27 02:04:17',NULL),(417,1,2,1,4,3,2019,'Fenosa',1067.28,1067.78,0,'2023-01-27 02:04:17','2023-01-27 02:04:17',NULL),(418,1,2,1,5,3,2019,'Municipal',4050.3,450.03,0,'2023-01-27 02:04:17','2023-01-27 02:04:17',NULL),(419,1,2,1,4,3,2019,'Ospoce',1866,1866,0,'2023-01-27 02:04:17','2023-01-27 02:04:17',NULL),(420,1,2,1,2,3,2019,'Personal Nilda',576.24,576.24,0,'2023-01-27 02:04:17','2023-01-27 02:04:17',NULL),(421,1,2,1,2,3,2019,'Personal Mauro',480.01,480.01,0,'2023-01-27 02:04:17','2023-01-27 02:04:17',NULL),(422,1,2,1,4,3,2019,'Edenor',1167.88,1167.88,0,'2023-01-27 02:04:17','2023-01-27 02:04:17',NULL),(423,1,2,1,5,3,2019,'Monotributo',215.42,215.42,0,'2023-01-27 02:04:17','2023-01-27 02:04:17',NULL),(424,1,2,1,3,3,2019,'Credito Santiago',40020,5108.03,0,'2023-01-27 02:04:17','2023-01-27 02:04:17',NULL),(425,1,2,1,6,3,2019,'Colegio Delfina',5000,5000,0,'2023-01-27 02:04:17','2023-01-27 02:04:17',NULL),(426,1,2,1,3,3,2019,'Maria Sol',12500,12500,0,'2023-01-27 02:04:17','2023-01-27 02:04:17',NULL),(427,1,2,1,3,4,2019,'Banco Galicia',40125.6,13444.5,0,'2023-01-27 02:04:17','2023-01-27 02:04:17',NULL),(428,1,2,1,3,4,2019,'Credito Santander',8646.48,8646.48,0,'2023-01-27 02:04:17','2023-01-27 02:04:17',NULL),(429,1,2,1,3,4,2019,'Credito Frances',3565.01,3565.01,0,'2023-01-27 02:04:17','2023-01-27 02:04:17',NULL),(430,1,2,1,1,4,2019,'Visa Galicia',33916.2,3060,0,'2023-01-27 02:04:17','2023-01-27 02:04:17',NULL),(431,1,2,1,4,4,2019,'Seguro Rivadavia',1835.32,1835.32,0,'2023-01-27 02:04:17','2023-01-27 02:04:17',NULL),(432,1,2,1,1,4,2019,'Visa Frances',29096.8,5800,0,'2023-01-27 02:04:17','2023-01-27 02:04:17',NULL),(433,1,2,1,1,4,2019,'Amex Galicia',6058.83,710,0,'2023-01-27 02:04:17','2023-01-27 02:04:17',NULL),(434,1,2,1,1,4,2019,'Master Frances',29124.6,7850,0,'2023-01-27 02:04:17','2023-01-27 02:04:17',NULL),(435,1,2,1,1,4,2019,'Master Falabella',13370.8,3205.19,0,'2023-01-27 02:04:17','2023-01-27 02:04:17',NULL),(436,1,2,1,1,4,2019,'Naranja',255.66,255.66,0,'2023-01-27 02:04:17','2023-01-27 02:04:17',NULL),(437,1,2,1,4,4,2019,'TeleRed',2038.99,2038.99,0,'2023-01-27 02:04:17','2023-01-27 02:04:17',NULL),(438,1,2,1,4,4,2019,'Fenosa',861.51,861.51,0,'2023-01-27 02:04:17','2023-01-27 02:04:17',NULL),(439,1,2,1,5,4,2019,'Municipal',3685.77,450.03,0,'2023-01-27 02:04:17','2023-01-27 02:04:17',NULL),(440,1,2,1,4,4,2019,'Ospoce',1581,1581,0,'2023-01-27 02:04:17','2023-01-27 02:04:17',NULL),(441,1,2,1,5,4,2019,'Patente EIG066',1046.6,1046.6,0,'2023-01-27 02:04:17','2023-01-27 02:04:17',NULL),(442,1,2,1,2,4,2019,'Personal Nilda',576.24,576.24,0,'2023-01-27 02:04:17','2023-01-27 02:04:17',NULL),(443,1,2,1,2,4,2019,'Personal Mauro',480.01,480.01,0,'2023-01-27 02:04:17','2023-01-27 02:04:17',NULL),(444,1,2,1,4,4,2019,'Edenor',1280.14,1280.14,0,'2023-01-27 02:04:17','2023-01-27 02:04:17',NULL),(445,1,2,1,5,4,2019,'Monotributo',215.42,215.42,0,'2023-01-27 02:04:17','2023-01-27 02:04:17',NULL),(446,1,2,1,3,4,2019,'Credito Santiago',40020,5108.03,0,'2023-01-27 02:04:17','2023-01-27 02:04:17',NULL),(447,1,2,1,6,4,2019,'Colegio Delfina',5000,5000,0,'2023-01-27 02:04:17','2023-01-27 02:04:17',NULL),(448,1,2,1,3,4,2019,'Maria Sol',12500,12500,0,'2023-01-27 02:04:17','2023-01-27 02:04:17',NULL),(449,1,2,1,3,5,2019,'Banco Galicia',40125.6,27000,0,'2023-01-27 02:04:17','2023-01-27 02:04:17',NULL),(450,1,2,1,3,5,2019,'Credito Santander',8646.48,8646.48,0,'2023-01-27 02:04:17','2023-01-27 02:04:17',NULL),(451,1,2,1,3,5,2019,'Credito Frances',3598.06,3598.06,0,'2023-01-27 02:04:17','2023-01-27 02:04:17',NULL),(452,1,2,1,1,5,2019,'Visa Galicia',32143.6,2840,0,'2023-01-27 02:04:17','2023-01-27 02:04:17',NULL),(453,1,2,1,4,5,2019,'Seguro Rivadavia',1835.32,1835.32,0,'2023-01-27 02:04:17','2023-01-27 02:04:17',NULL),(454,1,2,1,1,5,2019,'Visa Frances',29096.8,5800,0,'2023-01-27 02:04:17','2023-01-27 02:04:17',NULL),(455,1,2,1,1,5,2019,'Amex Galicia',5859.22,770,0,'2023-01-27 02:04:17','2023-01-27 02:04:17',NULL),(456,1,2,1,1,5,2019,'Master Frances',29124.6,7850,0,'2023-01-27 02:04:17','2023-01-27 02:04:17',NULL),(457,1,2,1,1,5,2019,'Master Falabella',16131.6,3488.94,3500,'2023-01-27 02:04:17','2023-01-27 02:04:17',NULL),(458,1,2,1,1,5,2019,'Naranja',255.66,255.66,0,'2023-01-27 02:04:17','2023-01-27 02:04:17',NULL),(459,1,2,1,3,5,2019,'Ingresos Brutos',2300,2300,0,'2023-01-27 02:04:17','2023-01-27 02:04:17',NULL),(460,1,2,1,4,5,2019,'TeleRed',2083.99,2083.99,0,'2023-01-27 02:04:17','2023-01-27 02:04:17',NULL),(461,1,2,1,4,5,2019,'Fenosa',861.51,861.51,0,'2023-01-27 02:04:17','2023-01-27 02:04:17',NULL),(462,1,2,1,5,5,2019,'Municipal',450.03,450.03,0,'2023-01-27 02:04:17','2023-01-27 02:04:17',NULL),(463,1,2,1,4,5,2019,'Ospoce',1990,1990,0,'2023-01-27 02:04:17','2023-01-27 02:04:17',NULL),(464,1,2,1,2,5,2019,'Personal Nilda',656.25,656.25,0,'2023-01-27 02:04:17','2023-01-27 02:04:17',NULL),(465,1,2,1,2,5,2019,'Personal Mauro',480.01,480.01,0,'2023-01-27 02:04:17','2023-01-27 02:04:17',NULL),(466,1,2,1,4,5,2019,'Edenor',1444.18,1444.18,0,'2023-01-27 02:04:17','2023-01-27 02:04:17',NULL),(467,1,2,1,5,5,2019,'Monotributo',6254.58,6254.58,0,'2023-01-27 02:04:17','2023-01-27 02:04:17',NULL),(468,1,2,1,3,5,2019,'Credito Santiago',40020,10216,0,'2023-01-27 02:04:17','2023-01-27 02:04:17',NULL),(469,1,2,1,6,5,2019,'Colegio Delfina',11854,11854,0,'2023-01-27 02:04:17','2023-01-27 02:04:17',NULL),(470,1,2,1,3,5,2019,'Maria Sol',12500,12500,0,'2023-01-27 02:04:17','2023-01-27 02:04:17',NULL),(471,1,2,1,3,6,2019,'Banco Galicia',27500,14500,0,'2023-01-27 02:04:17','2023-01-27 02:04:17',NULL),(472,1,2,1,3,6,2019,'Credito Santander',8646.48,8646.48,0,'2023-01-27 02:04:17','2023-01-27 02:04:17',NULL),(473,1,2,1,3,6,2019,'Credito Frances',7200,3700.37,0,'2023-01-27 02:04:17','2023-01-27 02:04:17',NULL),(474,1,2,1,1,6,2019,'Visa Galicia',30153.6,1500,0,'2023-01-27 02:04:17','2023-01-27 02:04:17',NULL),(475,1,2,1,4,6,2019,'Seguro Rivadavia',1835.32,1835.32,0,'2023-01-27 02:04:17','2023-01-27 02:04:17',NULL),(476,1,2,1,1,6,2019,'Visa Frances',26837.7,3250,0,'2023-01-27 02:04:17','2023-01-27 02:04:17',NULL),(477,1,2,1,1,6,2019,'Amex Galicia',5477.71,640,0,'2023-01-27 02:04:17','2023-01-27 02:04:17',NULL),(478,1,2,1,1,6,2019,'Master Frances',21463.6,2900,0,'2023-01-27 02:04:17','2023-01-27 02:04:17',NULL),(479,1,2,1,1,6,2019,'Master Falabella',17829.3,3511.92,4000,'2023-01-27 02:04:17','2023-01-27 02:04:17',NULL),(480,1,2,1,1,6,2019,'Naranja',255.66,255.66,0,'2023-01-27 02:04:17','2023-01-27 02:04:17',NULL),(481,1,2,1,3,6,2019,'Ingresos Brutos',3000,3000,0,'2023-01-27 02:04:17','2023-01-27 02:04:17',NULL),(482,1,2,1,4,6,2019,'TeleRed',2365,2365,0,'2023-01-27 02:04:17','2023-01-27 02:04:17',NULL),(483,1,2,1,4,6,2019,'Fenosa',976.65,976.65,0,'2023-01-27 02:04:17','2023-01-27 02:04:17',NULL),(484,1,2,1,5,6,2019,'Municipal',2929.71,450.03,0,'2023-01-27 02:04:17','2023-01-27 02:04:17',NULL),(485,1,2,1,4,6,2019,'Ospoce',1717,1717,0,'2023-01-27 02:04:17','2023-01-27 02:04:17',NULL),(486,1,2,1,5,6,2019,'Patente EIG066',1046.6,1046.6,0,'2023-01-27 02:04:17','2023-01-27 02:04:17',NULL),(487,1,2,1,2,6,2019,'Personal Nilda',757.5,757.5,0,'2023-01-27 02:04:17','2023-01-27 02:04:17',NULL),(488,1,2,1,2,6,2019,'Personal Mauro',550,550,0,'2023-01-27 02:04:17','2023-01-27 02:04:17',NULL),(489,1,2,1,4,6,2019,'Edenor',1111.32,1111.32,0,'2023-01-27 02:04:17','2023-01-27 02:04:17',NULL),(490,1,2,1,5,6,2019,'Monotributo',6254.58,6254.58,0,'2023-01-27 02:04:17','2023-01-27 02:04:17',NULL),(491,1,2,1,3,6,2019,'Credito Santiago',40020,5100,0,'2023-01-27 02:04:17','2023-01-27 02:04:17',NULL),(492,1,2,1,6,6,2019,'Colegio Delfina',6298,6298,0,'2023-01-27 02:04:17','2023-01-27 02:04:17',NULL),(493,1,2,1,3,6,2019,'Maria Sol',12500,12500,0,'2023-01-27 02:04:17','2023-01-27 02:04:17',NULL),(494,1,2,1,3,7,2019,'Banco Galicia',14500,14500,0,'2023-01-27 02:04:17','2023-01-27 02:04:17',NULL),(495,1,2,1,3,7,2019,'Credito Santander',8646.48,8646.48,0,'2023-01-27 02:04:17','2023-01-27 02:04:17',NULL),(496,1,2,1,3,7,2019,'Credito Frances',3000,3000,0,'2023-01-27 02:04:17','2023-01-27 02:04:17',NULL),(497,1,2,1,1,7,2019,'Visa Galicia',50046.2,5100,0,'2023-01-27 02:04:17','2023-01-27 02:04:17',NULL),(498,1,2,1,4,7,2019,'Seguro Rivadavia',1835.32,1835.32,0,'2023-01-27 02:04:17','2023-01-27 02:04:17',NULL),(499,1,2,1,1,7,2019,'Visa Frances',3000,3000,0,'2023-01-27 02:04:17','2023-01-27 02:04:17',NULL),(500,1,2,1,1,7,2019,'Amex Galicia',6709.42,430,0,'2023-01-27 02:04:17','2023-01-27 02:04:17',NULL),(501,1,2,1,1,7,2019,'Master Frances',3000,3200,0,'2023-01-27 02:04:17','2023-01-27 02:04:17',NULL),(502,1,2,1,1,7,2019,'Master Falabella',21947.5,3752.69,0,'2023-01-27 02:04:17','2023-01-27 02:04:17',NULL),(503,1,2,1,1,7,2019,'Naranja',629.01,629.01,0,'2023-01-27 02:04:17','2023-01-27 02:04:17',NULL),(504,1,2,1,3,7,2019,'Ingresos Brutos',3000,3000,0,'2023-01-27 02:04:17','2023-01-27 02:04:17',NULL),(505,1,2,1,4,7,2019,'TeleRed',2365,2365,0,'2023-01-27 02:04:17','2023-01-27 02:04:17',NULL),(506,1,2,1,4,7,2019,'Fenosa',976.65,976.65,0,'2023-01-27 02:04:17','2023-01-27 02:04:17',NULL),(507,1,2,1,5,7,2019,'Municipal',2538.12,450.03,0,'2023-01-27 02:04:17','2023-01-27 02:04:17',NULL),(508,1,2,1,4,7,2019,'Ospoce',3324,3324,0,'2023-01-27 02:04:17','2023-01-27 02:04:17',NULL),(509,1,2,1,2,7,2019,'Personal Nilda',757.5,757.5,0,'2023-01-27 02:04:17','2023-01-27 02:04:17',NULL),(510,1,2,1,2,7,2019,'Personal Mauro',550,550,0,'2023-01-27 02:04:17','2023-01-27 02:04:17',NULL),(511,1,2,1,4,7,2019,'Edenor',1147.41,1147.41,0,'2023-01-27 02:04:17','2023-01-27 02:04:17',NULL),(512,1,2,1,5,7,2019,'Monotributo',6254.58,6254.58,0,'2023-01-27 02:04:17','2023-01-27 02:04:17',NULL),(513,1,2,1,3,7,2019,'Credito Santiago',40020,5100,0,'2023-01-27 02:04:17','2023-01-27 02:04:17',NULL),(514,1,2,1,6,7,2019,'Colegio Delfina',6298,6298,0,'2023-01-27 02:04:17','2023-01-27 02:04:17',NULL),(515,1,2,1,3,7,2019,'Maria Sol',12500,12500,0,'2023-01-27 02:04:17','2023-01-27 02:04:17',NULL),(516,1,2,1,3,8,2019,'Banco Galicia',12944,12944,0,'2023-01-27 02:04:17','2023-01-27 02:04:17',NULL),(517,1,2,1,3,8,2019,'Credito Santander',8646.48,8646.48,0,'2023-01-27 02:04:17','2023-01-27 02:04:17',NULL),(518,1,2,1,3,8,2019,'Credito Frances',3000,3000,0,'2023-01-27 02:04:17','2023-01-27 02:04:17',NULL),(519,1,2,1,1,8,2019,'Visa Galicia',58458.9,8050,0,'2023-01-27 02:04:17','2023-01-27 02:04:17',NULL),(520,1,2,1,4,8,2019,'Seguro Rivadavia',1835.32,1835.32,0,'2023-01-27 02:04:17','2023-01-27 02:04:17',NULL),(521,1,2,1,1,8,2019,'Visa Frances',2746,2746,0,'2023-01-27 02:04:17','2023-01-27 02:04:17',NULL),(522,1,2,1,1,8,2019,'Amex Galicia',22151.9,1890,0,'2023-01-27 02:04:17','2023-01-27 02:04:17',NULL),(523,1,2,1,1,8,2019,'Master Frances',2565,2565,0,'2023-01-27 02:04:17','2023-01-27 02:04:17',NULL),(524,1,2,1,1,8,2019,'Master Falabella',20110.2,3734.82,0,'2023-01-27 02:04:17','2023-01-27 02:04:17',NULL),(525,1,2,1,1,8,2019,'Naranja',539.81,539.81,0,'2023-01-27 02:04:17','2023-01-27 02:04:17',NULL),(526,1,2,1,3,8,2019,'Ingresos Brutos',3000,3000,0,'2023-01-27 02:04:17','2023-01-27 02:04:17',NULL),(527,1,2,1,4,8,2019,'TeleRed',2365,2365,0,'2023-01-27 02:04:17','2023-01-27 02:04:17',NULL),(528,1,2,1,4,8,2019,'Fenosa',2819.13,2819.13,0,'2023-01-27 02:04:17','2023-01-27 02:04:17',NULL),(529,1,2,1,4,8,2019,'Ospoce',3835,3835,0,'2023-01-27 02:04:17','2023-01-27 02:04:17',NULL),(530,1,2,1,5,8,2019,'Patente EIG066',1046.6,1046.6,0,'2023-01-27 02:04:17','2023-01-27 02:04:17',NULL),(531,1,2,1,2,8,2019,'Personal Nilda',757.5,757.5,0,'2023-01-27 02:04:17','2023-01-27 02:04:17',NULL),(532,1,2,1,2,8,2019,'Personal Mauro',550,550,0,'2023-01-27 02:04:17','2023-01-27 02:04:17',NULL),(533,1,2,1,4,8,2019,'Edenor',1068,1068,0,'2023-01-27 02:04:17','2023-01-27 02:04:17',NULL),(534,1,2,1,5,8,2019,'Monotributo',6254.58,6254.58,0,'2023-01-27 02:04:17','2023-01-27 02:04:17',NULL),(535,1,2,1,3,8,2019,'Credito Santiago',40020,5100,0,'2023-01-27 02:04:17','2023-01-27 02:04:17',NULL),(536,1,2,1,6,8,2019,'Colegio Delfina',6298,6298,0,'2023-01-27 02:04:17','2023-01-27 02:04:17',NULL),(537,1,2,1,3,8,2019,'Maria Sol',12500,12500,0,'2023-01-27 02:04:17','2023-01-27 02:04:17',NULL),(538,1,2,1,3,9,2019,'Banco Galicia',12863.5,12863.5,0,'2023-01-27 02:04:17','2023-01-27 02:04:17',NULL),(539,1,2,1,3,9,2019,'Credito Santander',8646.48,8646.48,0,'2023-01-27 02:04:17','2023-01-27 02:04:17',NULL),(540,1,2,1,3,9,2019,'Credito Frances',3697.72,3697.72,0,'2023-01-27 02:04:17','2023-01-27 02:04:17',NULL),(541,1,2,1,1,9,2019,'Visa Galicia',61953.1,11550,0,'2023-01-27 02:04:17','2023-01-27 02:04:17',NULL),(542,1,2,1,4,9,2019,'Seguro Rivadavia',1981.54,1981.54,0,'2023-01-27 02:04:17','2023-01-27 02:04:17',NULL),(543,1,2,1,1,9,2019,'Visa Frances',2873.77,2873.77,0,'2023-01-27 02:04:17','2023-01-27 02:04:17',NULL),(544,1,2,1,1,9,2019,'Amex Galicia',43749.5,3980,0,'2023-01-27 02:04:17','2023-01-27 02:04:17',NULL),(545,1,2,1,1,9,2019,'Master Frances',2657.12,2657.12,0,'2023-01-27 02:04:17','2023-01-27 02:04:17',NULL),(546,1,2,1,1,9,2019,'Master Falabella',18396.6,3658.8,0,'2023-01-27 02:04:17','2023-01-27 02:04:17',NULL),(547,1,2,1,1,9,2019,'Naranja',520.3,520.3,0,'2023-01-27 02:04:17','2023-01-27 02:04:17',NULL),(548,1,2,1,3,9,2019,'Grabado autopartes y cristales',2450,2450,0,'2023-01-27 02:04:17','2023-01-27 02:04:17',NULL),(549,1,2,1,3,9,2019,'Ingresos Brutos',3000,3000,0,'2023-01-27 02:04:17','2023-01-27 02:04:17',NULL),(550,1,2,1,4,9,2019,'TeleRed',2775.2,2775.2,0,'2023-01-27 02:04:17','2023-01-27 02:04:17',NULL),(551,1,2,1,4,9,2019,'Fenosa',2803.92,2803.92,0,'2023-01-27 02:04:17','2023-01-27 02:04:17',NULL),(552,1,2,1,4,9,2019,'Ospoce',2495,2495,0,'2023-01-27 02:04:17','2023-01-27 02:04:17',NULL),(553,1,2,1,2,9,2019,'Personal Nilda',907.5,907.5,0,'2023-01-27 02:04:17','2023-01-27 02:04:17',NULL),(554,1,2,1,2,9,2019,'Tuenti Mauro',550,550,0,'2023-01-27 02:04:17','2023-01-27 02:04:17',NULL),(555,1,2,1,4,9,2019,'Edenor',1071.62,1071.62,0,'2023-01-27 02:04:17','2023-01-27 02:04:17',NULL),(556,1,2,1,5,9,2019,'Monotributo',12500,6254.58,0,'2023-01-27 02:04:17','2023-01-27 02:04:17',NULL),(557,1,2,1,3,9,2019,'Credito Santiago',6900,6900,0,'2023-01-27 02:04:17','2023-01-27 02:04:17',NULL),(558,1,2,1,6,9,2019,'Colegio Delfina',15152,8414,0,'2023-01-27 02:04:17','2023-01-27 02:04:17',NULL),(559,1,2,1,1,9,2019,'Visa Galicia',7000,7000,0,'2023-01-27 02:04:17','2023-01-27 02:04:17',NULL),(560,1,2,1,4,9,2019,'Omint Mauro',484.92,484.92,0,'2023-01-27 02:04:17','2023-01-27 02:04:17',NULL),(561,1,2,1,3,9,2019,'Maria Sol',12500,12500,0,'2023-01-27 02:04:17','2023-01-27 02:04:17',NULL),(562,1,2,1,3,10,2019,'Banco Galicia',12779.2,12779.2,0,'2023-01-27 02:04:17','2023-01-27 02:04:17',NULL),(563,1,2,1,3,10,2019,'Credito Santander',170400,15000,0,'2023-01-27 02:04:17','2023-01-27 02:04:17',NULL),(564,1,2,1,3,10,2019,'Credito Frances',7420,3709.84,0,'2023-01-27 02:04:17','2023-01-27 02:04:17',NULL),(565,1,2,1,1,10,2019,'Visa Galicia',54939.2,4530,0,'2023-01-27 02:04:17','2023-01-27 02:04:17',NULL),(566,1,2,1,4,10,2019,'Seguro Rivadavia',4190,2095,0,'2023-01-27 02:04:17','2023-01-27 02:04:17',NULL),(567,1,2,1,1,10,2019,'Visa Frances',22011.4,2546.23,0,'2023-01-27 02:04:17','2023-01-27 02:04:17',NULL),(568,1,2,1,1,10,2019,'Amex Galicia',58161.8,7760,0,'2023-01-27 02:04:17','2023-01-27 02:04:17',NULL),(569,1,2,1,1,10,2019,'Master Frances',19418.7,2252.88,0,'2023-01-27 02:04:17','2023-01-27 02:04:17',NULL),(570,1,2,1,1,10,2019,'Master Falabella',16636.7,3372.62,0,'2023-01-27 02:04:17','2023-01-27 02:04:17',NULL),(571,1,2,1,1,10,2019,'Naranja',217.77,217.77,0,'2023-01-27 02:04:17','2023-01-27 02:04:17',NULL),(572,1,2,1,3,10,2019,'Grabado autopartes y cristales',2450,2450,0,'2023-01-27 02:04:17','2023-01-27 02:04:17',NULL),(573,1,2,1,3,10,2019,'Ingresos Brutos',3000,3000,0,'2023-01-27 02:04:17','2023-01-27 02:04:17',NULL),(574,1,2,1,4,10,2019,'TeleRed',2775.2,2775.2,0,'2023-01-27 02:04:17','2023-01-27 02:04:17',NULL),(575,1,2,1,4,10,2019,'Fenosa',4560.55,4560.55,0,'2023-01-27 02:04:17','2023-01-27 02:04:17',NULL),(576,1,2,1,4,10,2019,'Ospoce',4202,4202,0,'2023-01-27 02:04:17','2023-01-27 02:04:17',NULL),(577,1,2,1,5,10,2019,'Patente EIG066',1046.6,1046.6,0,'2023-01-27 02:04:17','2023-01-27 02:04:17',NULL),(578,1,2,1,2,10,2019,'Tuenti Nilda',300,300,0,'2023-01-27 02:04:17','2023-01-27 02:04:17',NULL),(579,1,2,1,2,10,2019,'Tuenti Mauro',300,300,0,'2023-01-27 02:04:17','2023-01-27 02:04:17',NULL),(580,1,2,1,4,10,2019,'Edenor',1053.35,1053.35,0,'2023-01-27 02:04:17','2023-01-27 02:04:17',NULL),(581,1,2,1,5,10,2019,'Monotributo',12500,6254.58,0,'2023-01-27 02:04:17','2023-01-27 02:04:17',NULL),(582,1,2,1,3,10,2019,'Credito Santiago',5340,5340,0,'2023-01-27 02:04:17','2023-01-27 02:04:17',NULL),(583,1,2,1,6,10,2019,'Colegio Delfina',15152,8414,0,'2023-01-27 02:04:17','2023-01-27 02:04:17',NULL),(584,1,2,1,1,10,2019,'Visa Galicia',7000,7000,0,'2023-01-27 02:04:17','2023-01-27 02:04:17',NULL),(585,1,2,1,4,10,2019,'Omint Mauro',4708.94,4708.94,0,'2023-01-27 02:04:17','2023-01-27 02:04:17',NULL),(586,1,2,1,3,10,2019,'Maria Sol',12500,12500,0,'2023-01-27 02:04:17','2023-01-27 02:04:17',NULL),(587,1,2,1,3,11,2019,'Banco Galicia',23000,12779.2,0,'2023-01-27 02:04:17','2023-01-27 02:04:17',NULL),(588,1,2,1,3,11,2019,'Credito Santander',170400,0,0,'2023-01-27 02:04:17','2023-01-27 02:04:17',NULL),(589,1,2,1,3,11,2019,'Credito Frances',3678.21,3678.21,0,'2023-01-27 02:04:17','2023-01-27 02:04:17',NULL),(590,1,2,1,1,11,2019,'Visa Galicia',61782.6,11380,0,'2023-01-27 02:04:17','2023-01-27 02:04:17',NULL),(591,1,2,1,4,11,2019,'Seguro Rivadavia',4000,2000,0,'2023-01-27 02:04:17','2023-01-27 02:04:17',NULL),(592,1,2,1,1,11,2019,'Visa Frances',3083.89,3083.89,0,'2023-01-27 02:04:17','2023-01-27 02:04:17',NULL),(593,1,2,1,1,11,2019,'Amex Galicia',68513.6,18110,0,'2023-01-27 02:04:17','2023-01-27 02:04:17',NULL),(594,1,2,1,1,11,2019,'Master Frances',4410,4410,0,'2023-01-27 02:04:17','2023-01-27 02:04:17',NULL),(595,1,2,1,1,11,2019,'Master Falabella',18626,6688.35,0,'2023-01-27 02:04:17','2023-01-27 02:04:17',NULL),(596,1,2,1,1,11,2019,'Naranja',239.67,239.67,0,'2023-01-27 02:04:17','2023-01-27 02:04:17',NULL),(597,1,2,1,3,11,2019,'Grabado autopartes y cristales',2450,2450,0,'2023-01-27 02:04:17','2023-01-27 02:04:17',NULL),(598,1,2,1,3,11,2019,'Ingresos Brutos',3000,3000,0,'2023-01-27 02:04:17','2023-01-27 02:04:17',NULL),(599,1,2,1,4,11,2019,'TeleRed',2775.2,2775.2,0,'2023-01-27 02:04:17','2023-01-27 02:04:17',NULL),(600,1,2,1,4,11,2019,'Fenosa',4556.59,4556.59,0,'2023-01-27 02:04:17','2023-01-27 02:04:17',NULL),(601,1,2,1,4,11,2019,'Ospoce',4202,4202,0,'2023-01-27 02:04:17','2023-01-27 02:04:17',NULL),(602,1,2,1,5,11,2019,'Patente EIG066',1046.6,1046.6,0,'2023-01-27 02:04:17','2023-01-27 02:04:17',NULL),(603,1,2,1,2,11,2019,'Tuenti Nilda',290,290,0,'2023-01-27 02:04:17','2023-01-27 02:04:17',NULL),(604,1,2,1,2,11,2019,'Tuenti Mauro',290,290,0,'2023-01-27 02:04:17','2023-01-27 02:04:17',NULL),(605,1,2,1,4,11,2019,'Edenor',1053.35,1053.35,0,'2023-01-27 02:04:17','2023-01-27 02:04:17',NULL),(606,1,2,1,5,11,2019,'Monotributo',12500,6254.58,0,'2023-01-27 02:04:17','2023-01-27 02:04:17',NULL),(607,1,2,1,3,11,2019,'Credito Santiago',6000,6000,0,'2023-01-27 02:04:17','2023-01-27 02:04:17',NULL),(608,1,2,1,6,11,2019,'Colegio Delfina',13000,13000,0,'2023-01-27 02:04:17','2023-01-27 02:04:17',NULL),(609,1,2,1,1,11,2019,'Visa Galicia',6040,6040,0,'2023-01-27 02:04:17','2023-01-27 02:04:17',NULL),(610,1,2,1,3,11,2019,'Banco Galicia',2700,2700,0,'2023-01-27 02:04:17','2023-01-27 02:04:17',NULL),(611,1,2,1,4,11,2019,'Omint Mauro',5275.62,5275.62,0,'2023-01-27 02:04:17','2023-01-27 02:04:17',NULL),(612,1,2,1,3,11,2019,'Maria Sol',12500,12500,0,'2023-01-27 02:04:17','2023-01-27 02:04:17',NULL),(613,1,2,1,3,12,2019,'Banco Galicia',12497.5,12497.5,0,'2023-01-27 02:04:17','2023-01-27 02:04:17',NULL),(614,1,2,1,3,12,2019,'Credito Santander',170400,0,0,'2023-01-27 02:04:17','2023-01-27 02:04:17',NULL),(615,1,2,1,3,12,2019,'Credito Frances',3678.21,3678.21,0,'2023-01-27 02:04:17','2023-01-27 02:04:17',NULL),(616,1,2,1,1,12,2019,'Visa Galicia',67634,17230,0,'2023-01-27 02:04:17','2023-01-27 02:04:17',NULL),(617,1,2,1,4,12,2019,'Seguro Rivadavia',4000,2000,0,'2023-01-27 02:04:17','2023-01-27 02:04:17',NULL),(618,1,2,1,1,12,2019,'Visa Frances',3083.89,3083.89,0,'2023-01-27 02:04:17','2023-01-27 02:04:17',NULL),(619,1,2,1,1,12,2019,'Amex Galicia',70046,19640,0,'2023-01-27 02:04:17','2023-01-27 02:04:17',NULL),(620,1,2,1,1,12,2019,'Master Frances',4410,4410,0,'2023-01-27 02:04:17','2023-01-27 02:04:17',NULL),(621,1,2,1,1,12,2019,'Master Falabella',13789,3044.68,0,'2023-01-27 02:04:17','2023-01-27 02:04:17',NULL),(622,1,2,1,1,12,2019,'Naranja',239.67,239.67,0,'2023-01-27 02:04:17','2023-01-27 02:04:17',NULL),(623,1,2,1,3,12,2019,'Ingresos Brutos',3281.25,3281.25,0,'2023-01-27 02:04:17','2023-01-27 02:04:17',NULL),(624,1,2,1,4,12,2019,'TeleRed',2757.65,2757.65,0,'2023-01-27 02:04:17','2023-01-27 02:04:17',NULL),(625,1,2,1,4,12,2019,'Fenosa',2224.9,2224.9,0,'2023-01-27 02:04:17','2023-01-27 02:04:17',NULL),(626,1,2,1,4,12,2019,'Ospoce',4202,4202,0,'2023-01-27 02:04:17','2023-01-27 02:04:17',NULL),(627,1,2,1,2,12,2019,'Tuenti Nilda',290,290,0,'2023-01-27 02:04:17','2023-01-27 02:04:17',NULL),(628,1,2,1,2,12,2019,'Tuenti Mauro',290,290,0,'2023-01-27 02:04:17','2023-01-27 02:04:17',NULL),(629,1,2,1,4,12,2019,'Edenor',1136.84,1136.84,0,'2023-01-27 02:04:17','2023-01-27 02:04:17',NULL),(630,1,2,1,5,12,2019,'Monotributo',12500,6254.58,0,'2023-01-27 02:04:17','2023-01-27 02:04:17',NULL),(631,1,2,1,3,12,2019,'Credito Santiago',6000,6000,0,'2023-01-27 02:04:17','2023-01-27 02:04:17',NULL),(632,1,2,1,6,12,2019,'Colegio Delfina',13000,13000,0,'2023-01-27 02:04:17','2023-01-27 02:04:17',NULL),(633,1,2,1,1,12,2019,'Visa Galicia',6040,6040,0,'2023-01-27 02:04:17','2023-01-27 02:04:17',NULL),(634,1,2,1,4,12,2019,'Omint Mauro',5956.69,5956.69,0,'2023-01-27 02:04:17','2023-01-27 02:04:17',NULL),(635,1,2,1,3,12,2019,'Maria Sol',12500,12500,0,'2023-01-27 02:04:17','2023-01-27 02:04:17',NULL),(636,1,2,1,6,1,2020,'Colonia Delfina',4500,4500,0,'2023-01-27 02:04:17','2023-01-27 02:04:17',NULL),(637,1,2,1,3,1,2020,'Credito Santander',170400,0,0,'2023-01-27 02:04:17','2023-01-27 02:04:17',NULL),(638,1,2,1,3,1,2020,'Credito Frances',3677.94,3677.94,0,'2023-01-27 02:04:17','2023-01-27 02:04:17',NULL),(639,1,2,1,1,1,2020,'Visa Galicia',56982,6580,0,'2023-01-27 02:04:17','2023-01-27 02:04:17',NULL),(640,1,2,1,4,1,2020,'Seguro Rivadavia',4000,2000,0,'2023-01-27 02:04:17','2023-01-27 02:04:17',NULL),(641,1,2,1,1,1,2020,'Visa Frances',2566.12,2566.12,0,'2023-01-27 02:04:17','2023-01-27 02:04:17',NULL),(642,1,2,1,1,1,2020,'Amex Galicia',77308.8,26900,0,'2023-01-27 02:04:17','2023-01-27 02:04:17',NULL),(643,1,2,1,1,1,2020,'Master Falabella',21117.8,4122.27,0,'2023-01-27 02:04:17','2023-01-27 02:04:17',NULL),(644,1,2,1,1,1,2020,'Naranja',276.41,276.41,0,'2023-01-27 02:04:17','2023-01-27 02:04:17',NULL),(645,1,2,1,3,1,2020,'Ingresos Brutos',3000,3000,0,'2023-01-27 02:04:17','2023-01-27 02:04:17',NULL),(646,1,2,1,4,1,2020,'TeleRed',2758.52,2758.52,0,'2023-01-27 02:04:17','2023-01-27 02:04:17',NULL),(647,1,2,1,4,1,2020,'Fenosa',3065.44,3065.44,0,'2023-01-27 02:04:17','2023-01-27 02:04:17',NULL),(648,1,2,1,5,1,2020,'Municipal',6920.88,655.38,0,'2023-01-27 02:04:17','2023-01-27 02:04:17',NULL),(649,1,2,1,4,1,2020,'Ospoce',15582.8,15582.8,0,'2023-01-27 02:04:17','2023-01-27 02:04:17',NULL),(650,1,2,1,5,1,2020,'Patente EIG066',4012.8,334.4,0,'2023-01-27 02:04:17','2023-01-27 02:04:17',NULL),(651,1,2,1,2,1,2020,'Tuenti Nilda',400,400,0,'2023-01-27 02:04:17','2023-01-27 02:04:17',NULL),(652,1,2,1,2,1,2020,'Tuenti Mauro',400,400,0,'2023-01-27 02:04:17','2023-01-27 02:04:17',NULL),(653,1,2,1,4,1,2020,'Edenor',1136.84,1136.84,0,'2023-01-27 02:04:17','2023-01-27 02:04:17',NULL),(654,1,2,1,5,1,2020,'Monotributo',12500,9254.58,0,'2023-01-27 02:04:17','2023-01-27 02:04:17',NULL),(655,1,2,1,3,1,2020,'Credito Santiago',12000,6000,0,'2023-01-27 02:04:17','2023-01-27 02:04:17',NULL),(656,1,2,1,6,1,2020,'Colegio Delfina',13000,13000,0,'2023-01-27 02:04:17','2023-01-27 02:04:17',NULL),(657,1,2,1,1,1,2020,'Visa Galicia',6040,6040,0,'2023-01-27 02:04:17','2023-01-27 02:04:17',NULL),(658,1,2,1,2,1,2020,'Telecom',524.97,524.97,0,'2023-01-27 02:04:17','2023-01-27 02:04:17',NULL),(659,1,2,1,4,1,2020,'Omint Mauro',5956.69,5956.69,0,'2023-01-27 02:04:17','2023-01-27 02:04:17',NULL),(660,1,2,1,3,1,2020,'Maria Sol',12500,12500,0,'2023-01-27 02:04:17','2023-01-27 02:04:17',NULL),(661,1,2,1,6,2,2020,'Colonia Delfina',4000,4000,0,'2023-01-27 02:04:17','2023-01-27 02:04:17',NULL),(662,1,2,1,3,2,2020,'Credito Santander',15450,15450,0,'2023-01-27 02:04:17','2023-01-27 02:04:17',NULL),(663,1,2,1,3,2,2020,'Credito Frances',3685.25,3685.25,0,'2023-01-27 02:04:17','2023-01-27 02:04:17',NULL),(664,1,2,1,1,2,2020,'Visa Galicia',73311.2,22910,0,'2023-01-27 02:04:17','2023-01-27 02:04:17',NULL),(665,1,2,1,4,2,2020,'Seguro Rivadavia',4000,2000,0,'2023-01-27 02:04:17','2023-01-27 02:04:17',NULL),(666,1,2,1,1,2,2020,'Visa Frances',1800,1800,0,'2023-01-27 02:04:17','2023-01-27 02:04:17',NULL),(667,1,2,1,1,2,2020,'Amex Galicia',48772.3,14890,0,'2023-01-27 02:04:17','2023-01-27 02:04:17',NULL),(668,1,2,1,1,2,2020,'Master Frances',1300,1300,0,'2023-01-27 02:04:17','2023-01-27 02:04:17',NULL),(669,1,2,1,1,2,2020,'Master Falabella',22824.6,5067.46,0,'2023-01-27 02:04:17','2023-01-27 02:04:17',NULL),(670,1,2,1,1,2,2020,'Naranja',276.41,276.41,0,'2023-01-27 02:04:17','2023-01-27 02:04:17',NULL),(671,1,2,1,3,2,2020,'Ingresos Brutos',4050,4050,0,'2023-01-27 02:04:17','2023-01-27 02:04:17',NULL),(672,1,2,1,4,2,2020,'TeleRed',2756.44,2756.44,0,'2023-01-27 02:04:17','2023-01-27 02:04:17',NULL),(673,1,2,1,4,2,2020,'Fenosa',2571.65,2571.65,0,'2023-01-27 02:04:17','2023-01-27 02:04:17',NULL),(674,1,2,1,4,2,2020,'Ospoce',4119,4119,0,'2023-01-27 02:04:17','2023-01-27 02:04:17',NULL),(675,1,2,1,2,2,2020,'Tuenti Nilda',400,400,0,'2023-01-27 02:04:17','2023-01-27 02:04:17',NULL),(676,1,2,1,2,2,2020,'Tuenti Mauro',500,500,0,'2023-01-27 02:04:17','2023-01-27 02:04:17',NULL),(677,1,2,1,4,2,2020,'Edenor',1463.9,1463.9,0,'2023-01-27 02:04:17','2023-01-27 02:04:17',NULL),(678,1,2,1,5,2,2020,'Monotributo',9451.93,9451.93,0,'2023-01-27 02:04:17','2023-01-27 02:04:17',NULL),(679,1,2,1,3,2,2020,'Credito Santiago',12000,5500,0,'2023-01-27 02:04:17','2023-01-27 02:04:17',NULL),(680,1,2,1,6,2,2020,'Colegio Delfina',23418,23418,0,'2023-01-27 02:04:17','2023-01-27 02:04:17',NULL),(681,1,2,1,1,2,2020,'Visa Galicia',6040,6040,0,'2023-01-27 02:04:17','2023-01-27 02:04:17',NULL),(682,1,2,1,4,2,2020,'Omint Mauro',6356.69,6356.69,0,'2023-01-27 02:04:17','2023-01-27 02:04:17',NULL),(683,1,2,1,3,2,2020,'Maria Sol',12500,12500,0,'2023-01-27 02:04:17','2023-01-27 02:04:17',NULL),(684,1,2,1,3,3,2020,'Credito Santander',15450,15450,0,'2023-01-27 02:04:17','2023-01-27 02:04:17',NULL),(685,1,2,1,3,3,2020,'Credito Frances',7370.5,3685.25,0,'2023-01-27 02:04:17','2023-01-27 02:04:17',NULL),(686,1,2,1,1,3,2020,'Visa Galicia',67200.4,16800,0,'2023-01-27 02:04:17','2023-01-27 02:04:17',NULL),(687,1,2,1,4,3,2020,'Seguro Rivadavia',4000,2000,0,'2023-01-27 02:04:17','2023-01-27 02:04:17',NULL),(688,1,2,1,1,3,2020,'Visa Frances',1800,1800,0,'2023-01-27 02:04:17','2023-01-27 02:04:17',NULL),(689,1,2,1,1,3,2020,'Amex Galicia',89224.3,38820,0,'2023-01-27 02:04:17','2023-01-27 02:04:17',NULL),(690,1,2,1,1,3,2020,'Master Frances',1300,1800,0,'2023-01-27 02:04:17','2023-01-27 02:04:17',NULL),(691,1,2,1,1,3,2020,'Master Falabella',20804.4,4895.54,0,'2023-01-27 02:04:17','2023-01-27 02:04:17',NULL),(692,1,2,1,1,3,2020,'Naranja',276.41,276.41,0,'2023-01-27 02:04:17','2023-01-27 02:04:17',NULL),(693,1,2,1,3,3,2020,'Ingresos Brutos',4995,4995,0,'2023-01-27 02:04:17','2023-01-27 02:04:17',NULL),(694,1,2,1,4,3,2020,'TeleRed',2791.2,2791.2,0,'2023-01-27 02:04:17','2023-01-27 02:04:17',NULL),(695,1,2,1,4,3,2020,'Fenosa',2569.29,2569.29,0,'2023-01-27 02:04:17','2023-01-27 02:04:17',NULL),(696,1,2,1,4,3,2020,'Ospoce',2427,2427,0,'2023-01-27 02:04:17','2023-01-27 02:04:17',NULL),(697,1,2,1,2,3,2020,'Tuenti Nilda',400,400,0,'2023-01-27 02:04:17','2023-01-27 02:04:17',NULL),(698,1,2,1,2,3,2020,'Tuenti Mauro',500,500,0,'2023-01-27 02:04:17','2023-01-27 02:04:17',NULL),(699,1,2,1,4,3,2020,'Edenor',1463.9,1463.9,0,'2023-01-27 02:04:17','2023-01-27 02:04:17',NULL),(700,1,2,1,5,3,2020,'Monotributo',9451.93,9451.93,0,'2023-01-27 02:04:17','2023-01-27 02:04:17',NULL),(701,1,2,1,3,3,2020,'Credito Santiago',8049,8049,0,'2023-01-27 02:04:17','2023-01-27 02:04:17',NULL),(702,1,2,1,6,3,2020,'Colegio Delfina',23418,23418,0,'2023-01-27 02:04:17','2023-01-27 02:04:17',NULL),(703,1,2,1,1,3,2020,'Visa Galicia',6040,6040,0,'2023-01-27 02:04:17','2023-01-27 02:04:17',NULL),(704,1,2,1,4,3,2020,'Omint Mauro',6356.69,6356.69,0,'2023-01-27 02:04:17','2023-01-27 02:04:17',NULL),(705,1,2,1,3,3,2020,'Maria Sol',12500,12500,0,'2023-01-27 02:04:17','2023-01-27 02:04:17',NULL),(706,1,2,1,6,3,2020,'Arreglo Auto',18920,18920,0,'2023-01-27 02:04:17','2023-01-27 02:04:17',NULL),(707,1,2,1,6,3,2020,'UNLam cuota',5000,5000,0,'2023-01-27 02:04:17','2023-01-27 02:04:17',NULL),(708,1,2,1,6,3,2020,'UNLam matricula',2500,2500,0,'2023-01-27 02:04:17','2023-01-27 02:04:17',NULL),(709,1,2,1,3,4,2020,'Credito Santander',15450,15450,0,'2023-01-27 02:04:17','2023-01-27 02:04:17',NULL),(710,1,2,1,3,4,2020,'Credito Frances',7370.5,4536.29,0,'2023-01-27 02:04:17','2023-01-27 02:04:17',NULL),(711,1,2,1,1,4,2020,'Visa Galicia',58287.4,7880,0,'2023-01-27 02:04:17','2023-01-27 02:04:17',NULL),(712,1,2,1,4,4,2020,'Seguro Rivadavia',5122.6,2561.32,0,'2023-01-27 02:04:17','2023-01-27 02:04:17',NULL),(713,1,2,1,1,4,2020,'Visa Frances',18482.7,5640,0,'2023-01-27 02:04:17','2023-01-27 02:04:17',NULL),(714,1,2,1,1,4,2020,'Amex Galicia',83967.9,33560,0,'2023-01-27 02:04:17','2023-01-27 02:04:17',NULL),(715,1,2,1,1,4,2020,'Master Frances',12791.9,1390,0,'2023-01-27 02:04:17','2023-01-27 02:04:17',NULL),(716,1,2,1,1,4,2020,'Master Falabella',19585.6,4224,0,'2023-01-27 02:04:17','2023-01-27 02:04:17',NULL),(717,1,2,1,1,4,2020,'Naranja',276.41,276.41,0,'2023-01-27 02:04:17','2023-01-27 02:04:17',NULL),(718,1,2,1,3,4,2020,'Ingresos Brutos',4995,4995,0,'2023-01-27 02:04:17','2023-01-27 02:04:17',NULL),(719,1,2,1,4,4,2020,'TeleRed',3000.2,3000.2,0,'2023-01-27 02:04:17','2023-01-27 02:04:17',NULL),(720,1,2,1,4,4,2020,'Fenosa',2425.84,2425.84,0,'2023-01-27 02:04:17','2023-01-27 02:04:17',NULL),(721,1,2,1,4,4,2020,'Ospoce',4449,4449,0,'2023-01-27 02:04:17','2023-01-27 02:04:17',NULL),(722,1,2,1,2,4,2020,'Tuenti Nilda',400,400,0,'2023-01-27 02:04:17','2023-01-27 02:04:17',NULL),(723,1,2,1,2,4,2020,'Tuenti Mauro',500,500,0,'2023-01-27 02:04:17','2023-01-27 02:04:17',NULL),(724,1,2,1,4,4,2020,'Edenor',1306.72,1306.72,0,'2023-01-27 02:04:17','2023-01-27 02:04:17',NULL),(725,1,2,1,5,4,2020,'Monotributo',9451.93,9451.93,0,'2023-01-27 02:04:17','2023-01-27 02:04:17',NULL),(726,1,2,1,3,4,2020,'Credito Santiago',10000,5500,0,'2023-01-27 02:04:17','2023-01-27 02:04:17',NULL),(727,1,2,1,6,4,2020,'Colegio Delfina',8000,8000,0,'2023-01-27 02:04:17','2023-01-27 02:04:17',NULL),(728,1,2,1,1,4,2020,'Visa Galicia',12072,12072,0,'2023-01-27 02:04:17','2023-01-27 02:04:17',NULL),(729,1,2,1,4,4,2020,'Omint Mauro',6356.69,6356.69,0,'2023-01-27 02:04:17','2023-01-27 02:04:17',NULL),(730,1,2,1,3,4,2020,'Maria Sol',12500,12500,0,'2023-01-27 02:04:17','2023-01-27 02:04:17',NULL),(731,1,2,1,6,4,2020,'UNLam cuota',5000,5000,0,'2023-01-27 02:04:17','2023-01-27 02:04:17',NULL),(732,1,2,1,6,4,2020,'UNLam matricula',2500,2500,0,'2023-01-27 02:04:17','2023-01-27 02:04:17',NULL),(733,1,2,1,3,5,2020,'Credito Santander',15450,15450,0,'2023-01-27 02:04:17','2023-01-27 02:04:17',NULL),(734,1,2,1,3,5,2020,'Credito Frances',3550.62,3550.62,0,'2023-01-27 02:04:17','2023-01-27 02:04:17',NULL),(735,1,2,1,1,5,2020,'Visa Galicia',8252.92,3850,0,'2023-01-27 02:04:17','2023-01-27 02:04:17',NULL),(736,1,2,1,4,5,2020,'Seguro Rivadavia',2561.32,2561.32,0,'2023-01-27 02:04:17','2023-01-27 02:04:17',NULL),(737,1,2,1,1,5,2020,'Visa Frances',1500.71,0,0,'2023-01-27 02:04:17','2023-01-27 02:04:17',NULL),(738,1,2,1,1,5,2020,'Amex Galicia',19658.9,13420,0,'2023-01-27 02:04:17','2023-01-27 02:04:17',NULL),(739,1,2,1,1,5,2020,'Master Falabella',17080.5,3255.07,0,'2023-01-27 02:04:17','2023-01-27 02:04:17',NULL),(740,1,2,1,1,5,2020,'Naranja',276.41,276.41,0,'2023-01-27 02:04:17','2023-01-27 02:04:17',NULL),(741,1,2,1,4,5,2020,'TeleRed',3000.2,3000.2,0,'2023-01-27 02:04:17','2023-01-27 02:04:17',NULL),(742,1,2,1,4,5,2020,'Fenosa',2349.63,2349.63,0,'2023-01-27 02:04:17','2023-01-27 02:04:17',NULL),(743,1,2,1,4,5,2020,'Ospoce',4481,4481,0,'2023-01-27 02:04:17','2023-01-27 02:04:17',NULL),(744,1,2,1,2,5,2020,'Tuenti Nilda',500,400,0,'2023-01-27 02:04:17','2023-01-27 02:04:17',NULL),(745,1,2,1,2,5,2020,'Tuenti Mauro',500,400,0,'2023-01-27 02:04:17','2023-01-27 02:04:17',NULL),(746,1,2,1,4,5,2020,'Edenor',1347.97,1347.97,0,'2023-01-27 02:04:17','2023-01-27 02:04:17',NULL),(747,1,2,1,3,5,2020,'Credito Santiago',10000,5500,0,'2023-01-27 02:04:17','2023-01-27 02:04:17',NULL),(748,1,2,1,6,5,2020,'Colegio Delfina',7169,7169,0,'2023-01-27 02:04:17','2023-01-27 02:04:17',NULL),(749,1,2,1,4,5,2020,'Omint Mauro',6356.69,6356.69,0,'2023-01-27 02:04:17','2023-01-27 02:04:17',NULL),(750,1,2,1,3,5,2020,'Maria Sol',12500,12500,0,'2023-01-27 02:04:17','2023-01-27 02:04:17',NULL),(751,1,2,1,6,5,2020,'UNLam cuota',5000,5000,0,'2023-01-27 02:04:17','2023-01-27 02:04:17',NULL),(752,1,2,1,6,5,2020,'UNLam matricula',2500,2500,0,'2023-01-27 02:04:17','2023-01-27 02:04:17',NULL),(753,1,2,1,3,6,2020,'Credito Santander',15450,15450,0,'2023-01-27 02:04:17','2023-01-27 02:04:17',NULL),(754,1,2,1,3,6,2020,'Credito Frances',3564.02,3564.02,0,'2023-01-27 02:04:17','2023-01-27 02:04:17',NULL),(755,1,2,1,1,6,2020,'Visa Galicia',8252.92,3850,0,'2023-01-27 02:04:17','2023-01-27 02:04:17',NULL),(756,1,2,1,4,6,2020,'Seguro Rivadavia',2561.32,2561.32,0,'2023-01-27 02:04:17','2023-01-27 02:04:17',NULL),(757,1,2,1,1,6,2020,'Visa Frances',1497.59,1497.59,0,'2023-01-27 02:04:17','2023-01-27 02:04:17',NULL),(758,1,2,1,1,6,2020,'Amex Galicia',13309.4,0,0,'2023-01-27 02:04:17','2023-01-27 02:04:17',NULL),(759,1,2,1,1,6,2020,'Master Falabella',556.3,556.3,0,'2023-01-27 02:04:17','2023-01-27 02:04:17',NULL),(760,1,2,1,1,6,2020,'Naranja',276.41,276.41,0,'2023-01-27 02:04:17','2023-01-27 02:04:17',NULL),(761,1,2,1,4,6,2020,'TeleRed',3457.2,3457.2,0,'2023-01-27 02:04:17','2023-01-27 02:04:17',NULL),(762,1,2,1,4,6,2020,'Fenosa',3142.38,3142.38,0,'2023-01-27 02:04:17','2023-01-27 02:04:17',NULL),(763,1,2,1,4,6,2020,'Ospoce',4176,4176,0,'2023-01-27 02:04:17','2023-01-27 02:04:17',NULL),(764,1,2,1,2,6,2020,'Tuenti Nilda',500,400,0,'2023-01-27 02:04:17','2023-01-27 02:04:17',NULL),(765,1,2,1,2,6,2020,'Tuenti Mauro',500,400,0,'2023-01-27 02:04:17','2023-01-27 02:04:17',NULL),(766,1,2,1,4,6,2020,'Edenor',2564.29,2565.29,0,'2023-01-27 02:04:17','2023-01-27 02:04:17',NULL),(767,1,2,1,3,6,2020,'Credito Santiago',27500,27500,0,'2023-01-27 02:04:17','2023-01-27 02:04:17',NULL),(768,1,2,1,6,6,2020,'Colegio Delfina',7169,7169,0,'2023-01-27 02:04:17','2023-01-27 02:04:17',NULL),(769,1,2,1,3,6,2020,'Maria Sol',12500,12500,0,'2023-01-27 02:04:17','2023-01-27 02:04:17',NULL),(770,1,2,1,3,6,2020,'Anteojos Mauro',14490,14490,0,'2023-01-27 02:04:17','2023-01-27 02:04:17',NULL),(771,1,2,1,6,6,2020,'UNLam cuota',5000,5000,0,'2023-01-27 02:04:17','2023-01-27 02:04:17',NULL),(772,1,2,1,3,7,2020,'Credito Santander',15450,15450,0,'2023-01-27 02:04:17','2023-01-27 02:04:17',NULL),(773,1,2,1,3,7,2020,'Credito Frances',3541.13,3541.13,0,'2023-01-27 02:04:17','2023-01-27 02:04:17',NULL),(774,1,2,1,1,7,2020,'Visa Galicia',14566.3,4030,0,'2023-01-27 02:04:17','2023-01-27 02:04:17',NULL),(775,1,2,1,4,7,2020,'Seguro Rivadavia',2561.28,2561.28,0,'2023-01-27 02:04:17','2023-01-27 02:04:17',NULL),(776,1,2,1,1,7,2020,'Visa Frances',2295.18,2995.18,0,'2023-01-27 02:04:17','2023-01-27 02:04:17',NULL),(777,1,2,1,1,7,2020,'Amex Galicia',28426.2,13580,0,'2023-01-27 02:04:17','2023-01-27 02:04:17',NULL),(778,1,2,1,1,7,2020,'Master Falabella',5.46,5.46,0,'2023-01-27 02:04:17','2023-01-27 02:04:17',NULL),(779,1,2,1,1,7,2020,'Naranja',276.41,276.41,0,'2023-01-27 02:04:17','2023-01-27 02:04:17',NULL),(780,1,2,1,4,7,2020,'TeleRed',3457.2,3457.2,0,'2023-01-27 02:04:17','2023-01-27 02:04:17',NULL),(781,1,2,1,4,7,2020,'Fenosa',3181.9,3181.9,0,'2023-01-27 02:04:17','2023-01-27 02:04:17',NULL),(782,1,2,1,4,7,2020,'Ospoce',4003,4003,0,'2023-01-27 02:04:17','2023-01-27 02:04:17',NULL),(783,1,2,1,2,7,2020,'Tuenti Nilda',500,400,0,'2023-01-27 02:04:17','2023-01-27 02:04:17',NULL),(784,1,2,1,2,7,2020,'Tuenti Mauro',500,400,0,'2023-01-27 02:04:17','2023-01-27 02:04:17',NULL),(785,1,2,1,4,7,2020,'Edenor',2340.1,2340.1,0,'2023-01-27 02:04:17','2023-01-27 02:04:17',NULL),(786,1,2,1,6,7,2020,'Colegio Delfina',7169,7169,0,'2023-01-27 02:04:17','2023-01-27 02:04:17',NULL),(787,1,2,1,3,7,2020,'Maria Sol',12500,12500,0,'2023-01-27 02:04:17','2023-01-27 02:04:17',NULL),(788,1,2,1,6,7,2020,'UNLam cuota',5000,5000,0,'2023-01-27 02:04:17','2023-01-27 02:04:17',NULL),(789,1,2,1,3,8,2020,'Credito Frances',3553.96,3553.96,0,'2023-01-27 02:04:17','2023-01-27 02:04:17',NULL),(790,1,2,1,1,8,2020,'Visa Galicia',14774.4,11390,0,'2023-01-27 02:04:17','2023-01-27 02:04:17',NULL),(791,1,2,1,4,8,2020,'Seguro Rivadavia',2561.28,2561.28,0,'2023-01-27 02:04:17','2023-01-27 02:04:17',NULL),(792,1,2,1,1,8,2020,'Visa Frances',2322.13,2320,0,'2023-01-27 02:04:17','2023-01-27 02:04:17',NULL),(793,1,2,1,1,8,2020,'Amex Galicia',37920,12200,0,'2023-01-27 02:04:17','2023-01-27 02:04:17',NULL),(794,1,2,1,1,8,2020,'Master Frances',1768.22,1760,0,'2023-01-27 02:04:17','2023-01-27 02:04:17',NULL),(795,1,2,1,1,8,2020,'Naranja',276.41,276.41,0,'2023-01-27 02:04:17','2023-01-27 02:04:17',NULL),(796,1,2,1,4,8,2020,'TeleRed',3457.2,3457.2,0,'2023-01-27 02:04:17','2023-01-27 02:04:17',NULL),(797,1,2,1,4,8,2020,'Fenosa',5911.16,5911.16,0,'2023-01-27 02:04:17','2023-01-27 02:04:17',NULL),(798,1,2,1,4,8,2020,'Ospoce',1846,1846,0,'2023-01-27 02:04:17','2023-01-27 02:04:17',NULL),(799,1,2,1,2,8,2020,'Tuenti Nilda',500,400,0,'2023-01-27 02:04:17','2023-01-27 02:04:17',NULL),(800,1,2,1,2,8,2020,'Tuenti Mauro',500,400,0,'2023-01-27 02:04:17','2023-01-27 02:04:17',NULL),(801,1,2,1,4,8,2020,'Edenor',2418.88,2418.88,0,'2023-01-27 02:04:17','2023-01-27 02:04:17',NULL),(802,1,2,1,6,8,2020,'Colegio Delfina',7169,7169,0,'2023-01-27 02:04:17','2023-01-27 02:04:17',NULL),(803,1,2,1,3,8,2020,'Reserva Egresados Delfi',3000,3000,0,'2023-01-27 02:04:17','2023-01-27 02:04:17',NULL),(804,1,2,1,6,8,2020,'UNLam cuota',5500,5000,0,'2023-01-27 02:04:17','2023-01-27 02:04:17',NULL),(805,1,2,1,3,8,2020,'Matricula Delfi',5741,5741,0,'2023-01-27 02:04:17','2023-01-27 02:04:17',NULL),(806,1,2,1,3,9,2020,'Credito Frances',3548.97,3548.97,0,'2023-01-27 02:04:17','2023-01-27 02:04:17',NULL),(807,1,2,1,1,9,2020,'Visa Galicia',14738.3,11350,0,'2023-01-27 02:04:17','2023-01-27 02:04:17',NULL),(808,1,2,1,4,9,2020,'Seguro Rivadavia',2561.28,2561.28,0,'2023-01-27 02:04:17','2023-01-27 02:04:17',NULL),(809,1,2,1,1,9,2020,'Visa Frances',3808.96,3800,0,'2023-01-27 02:04:17','2023-01-27 02:04:17',NULL),(810,1,2,1,1,9,2020,'Amex Galicia',37611.2,11990,0,'2023-01-27 02:04:17','2023-01-27 02:04:17',NULL),(811,1,2,1,1,9,2020,'Master Frances',1759.88,1750,0,'2023-01-27 02:04:17','2023-01-27 02:04:17',NULL),(812,1,2,1,1,9,2020,'Naranja',276.41,276.41,0,'2023-01-27 02:04:17','2023-01-27 02:04:17',NULL),(813,1,2,1,4,9,2020,'TeleRed',3457.2,3457.2,0,'2023-01-27 02:04:17','2023-01-27 02:04:17',NULL),(814,1,2,1,4,9,2020,'Fenosa',5921.81,5921.81,0,'2023-01-27 02:04:17','2023-01-27 02:04:17',NULL),(815,1,2,1,2,9,2020,'Tuenti Nilda',500,400,0,'2023-01-27 02:04:17','2023-01-27 02:04:17',NULL),(816,1,2,1,2,9,2020,'Tuenti Mauro',500,400,0,'2023-01-27 02:04:17','2023-01-27 02:04:17',NULL),(817,1,2,1,4,9,2020,'Edenor',2470.8,2470.8,0,'2023-01-27 02:04:17','2023-01-27 02:04:17',NULL),(818,1,2,1,6,9,2020,'Colegio Delfina',7169,7169,0,'2023-01-27 02:04:17','2023-01-27 02:04:17',NULL),(819,1,2,1,3,9,2020,'Seña rop egresados',150,150,0,'2023-01-27 02:04:17','2023-01-27 02:04:17',NULL),(820,1,2,1,3,9,2020,'Matricula Delfi',7000,7000,0,'2023-01-27 02:04:17','2023-01-27 02:04:17',NULL),(821,1,2,1,6,9,2020,'Cuota Viaje Delfi',1500,1500,0,'2023-01-27 02:04:17','2023-01-27 02:04:17',NULL),(822,1,2,1,3,10,2020,'Credito Frances',3548.97,3548.97,0,'2023-01-27 02:04:17','2023-01-27 02:04:17',NULL),(823,1,2,1,1,10,2020,'Visa Galicia',14701,11310,0,'2023-01-27 02:04:17','2023-01-27 02:04:17',NULL),(824,1,2,1,4,10,2020,'Seguro Rivadavia',2561.28,2561.28,0,'2023-01-27 02:04:17','2023-01-27 02:04:17',NULL),(825,1,2,1,1,10,2020,'Visa Frances',3797.92,3790,0,'2023-01-27 02:04:17','2023-01-27 02:04:17',NULL),(826,1,2,1,1,10,2020,'Amex Galicia',29694.2,11380,0,'2023-01-27 02:04:17','2023-01-27 02:04:17',NULL),(827,1,2,1,1,10,2020,'Master Frances',1751.34,1750,0,'2023-01-27 02:04:17','2023-01-27 02:04:17',NULL),(828,1,2,1,1,10,2020,'Naranja',276.41,276.41,0,'2023-01-27 02:04:17','2023-01-27 02:04:17',NULL),(829,1,2,1,4,10,2020,'TeleRed',3457.2,3457.2,0,'2023-01-27 02:04:17','2023-01-27 02:04:17',NULL),(830,1,2,1,4,10,2020,'Fenosa',4532.67,4532.67,0,'2023-01-27 02:04:17','2023-01-27 02:04:17',NULL),(831,1,2,1,2,10,2020,'Tuenti Nilda',500,400,0,'2023-01-27 02:04:17','2023-01-27 02:04:17',NULL),(832,1,2,1,2,10,2020,'Tuenti Mauro',500,400,0,'2023-01-27 02:04:17','2023-01-27 02:04:17',NULL),(833,1,2,1,4,10,2020,'Edenor',2859.95,2859.95,0,'2023-01-27 02:04:17','2023-01-27 02:04:17',NULL),(834,1,2,1,6,10,2020,'Colegio Delfina',7040,7040,0,'2023-01-27 02:04:17','2023-01-27 02:04:17',NULL),(835,1,2,1,3,10,2020,'Seña ropa egresados',1500,1500,0,'2023-01-27 02:04:17','2023-01-27 02:04:17',NULL),(836,1,2,1,6,10,2020,'UNLam cuota',5500,5000,0,'2023-01-27 02:04:17','2023-01-27 02:04:17',NULL),(837,1,2,1,6,10,2020,'Cuota Viaje Delfi',1500,1500,0,'2023-01-27 02:04:17','2023-01-27 02:04:17',NULL),(838,1,2,1,3,11,2020,'Credito Frances',3538.1,3538.1,0,'2023-01-27 02:04:17','2023-01-27 02:04:17',NULL),(839,1,2,1,1,11,2020,'Visa Galicia',19244.3,15340,0,'2023-01-27 02:04:17','2023-01-27 02:04:17',NULL),(840,1,2,1,4,11,2020,'Seguro Rivadavia',2561.28,2561.28,0,'2023-01-27 02:04:17','2023-01-27 02:04:17',NULL),(841,1,2,1,1,11,2020,'Visa Frances',3423.49,3420,0,'2023-01-27 02:04:17','2023-01-27 02:04:17',NULL),(842,1,2,1,1,11,2020,'Amex Galicia',20402.7,9820,0,'2023-01-27 02:04:17','2023-01-27 02:04:17',NULL),(843,1,2,1,1,11,2020,'Master Frances',1742.49,1740,0,'2023-01-27 02:04:17','2023-01-27 02:04:17',NULL),(844,1,2,1,1,11,2020,'Naranja',572.81,572.81,0,'2023-01-27 02:04:17','2023-01-27 02:04:17',NULL),(845,1,2,1,4,11,2020,'TeleRed',3457.2,3457.2,0,'2023-01-27 02:04:17','2023-01-27 02:04:17',NULL),(846,1,2,1,4,11,2020,'Fenosa',4530.05,4530.05,0,'2023-01-27 02:04:17','2023-01-27 02:04:17',NULL),(847,1,2,1,4,11,2020,'Omint Nilda',3991.12,3991.12,0,'2023-01-27 02:04:17','2023-01-27 02:04:17',NULL),(848,1,2,1,2,11,2020,'Tuenti Nilda',500,400,0,'2023-01-27 02:04:17','2023-01-27 02:04:17',NULL),(849,1,2,1,2,11,2020,'Tuenti Mauro',500,400,0,'2023-01-27 02:04:17','2023-01-27 02:04:17',NULL),(850,1,2,1,4,11,2020,'Edenor',2953.52,2953.52,0,'2023-01-27 02:04:17','2023-01-27 02:04:17',NULL),(851,1,2,1,6,11,2020,'Colegio Delfina',4637,4637,0,'2023-01-27 02:04:17','2023-01-27 02:04:17',NULL),(852,1,2,1,6,11,2020,'Ropa Egresados',1167,1167,0,'2023-01-27 02:04:17','2023-01-27 02:15:28',NULL),(853,1,2,1,6,11,2020,'UNLam cuota',5500,5000,0,'2023-01-27 02:04:17','2023-01-27 02:04:17',NULL),(854,1,2,1,6,11,2020,'Crema Delfina',3100,3100,0,'2023-01-27 02:04:17','2023-01-27 02:15:13',NULL),(855,1,2,1,6,11,2020,'Cuota Viaje Delfi',1500,1500,0,'2023-01-27 02:04:17','2023-01-27 02:04:17',NULL),(856,1,2,1,3,12,2020,'Credito Frances',3515.37,3515.37,0,'2023-01-27 02:04:17','2023-01-27 02:04:17',NULL),(857,1,2,1,1,12,2020,'Visa Galicia',43921.9,15170,0,'2023-01-27 02:04:17','2023-01-27 02:04:17',NULL),(858,1,2,1,4,12,2020,'Seguro Rivadavia',2561.28,2561.28,0,'2023-01-27 02:04:17','2023-01-27 02:04:17',NULL),(859,1,2,1,1,12,2020,'Visa Frances',3787.03,3780,0,'2023-01-27 02:04:17','2023-01-27 02:04:17',NULL),(860,1,2,1,1,12,2020,'Amex Galicia',28015.3,9970,0,'2023-01-27 02:04:17','2023-01-27 02:04:17',NULL),(861,1,2,1,1,12,2020,'Master Frances',1736.17,1730,0,'2023-01-27 02:04:17','2023-01-27 02:04:17',NULL),(862,1,2,1,1,12,2020,'Master Falabella',20808.4,20808.4,0,'2023-01-27 02:04:17','2023-01-27 02:04:17',NULL),(863,1,2,1,4,12,2020,'Telecentro',1542.52,1545.52,0,'2023-01-27 02:04:17','2023-01-27 02:04:17',NULL),(864,1,2,1,4,12,2020,'Fenosa',2239.55,2239.55,0,'2023-01-27 02:04:17','2023-01-27 02:04:17',NULL),(865,1,2,1,4,12,2020,'Omint Nilda',8813.94,8813.94,0,'2023-01-27 02:04:17','2023-01-27 02:04:17',NULL),(866,1,2,1,2,12,2020,'Tuenti Nilda',500,400,0,'2023-01-27 02:04:17','2023-01-27 02:04:17',NULL),(867,1,2,1,2,12,2020,'Tuenti Mauro',500,400,0,'2023-01-27 02:04:17','2023-01-27 02:04:17',NULL),(868,1,2,1,4,12,2020,'Edenor',2291.09,2291.09,0,'2023-01-27 02:04:17','2023-01-27 02:04:17',NULL),(869,1,2,1,6,12,2020,'Colegio Delfina',11000,11000,0,'2023-01-27 02:04:17','2023-01-27 02:04:17',NULL),(870,1,2,1,3,12,2020,'Ropa Egresados',1167,1167,0,'2023-01-27 02:04:17','2023-01-27 02:04:17',NULL),(871,1,2,1,6,12,2020,'UNLam cuota',5500,5000,0,'2023-01-27 02:04:17','2023-01-27 02:04:17',NULL),(872,1,2,1,3,12,2020,'Crema Delfina',3100,3100,0,'2023-01-27 02:04:17','2023-01-27 02:04:17',NULL),(873,1,2,1,6,12,2020,'Cuota Viaje Delfi',1500,1500,0,'2023-01-27 02:04:17','2023-01-27 02:04:17',NULL),(874,1,2,1,6,12,2020,'Rogelio 2/4',74000,37000,0,'2023-01-27 02:04:17','2023-01-27 02:04:17',NULL),(875,1,2,1,3,1,2021,'Credito Frances',3526.64,3526.64,0,'2023-01-27 02:04:17','2023-01-27 02:04:17',NULL),(876,1,2,1,1,1,2021,'Visa Galicia',21931.1,11180,0,'2023-01-27 02:04:17','2023-01-27 02:04:17',NULL),(877,1,2,1,4,1,2021,'Seguro Rivadavia',2969,2969,0,'2023-01-27 02:04:17','2023-01-27 02:04:17',NULL),(878,1,2,1,1,1,2021,'Visa Frances',3762.41,3760,0,'2023-01-27 02:04:17','2023-01-27 02:04:17',NULL),(879,1,2,1,1,1,2021,'Amex Galicia',34838.4,11940,0,'2023-01-27 02:04:17','2023-01-27 02:04:17',NULL),(880,1,2,1,1,1,2021,'Master Frances',1723.83,1720,0,'2023-01-27 02:04:17','2023-01-27 02:04:17',NULL),(881,1,2,1,1,1,2021,'Master Falabella',5488.93,1627.82,0,'2023-01-27 02:04:17','2023-01-27 02:04:17',NULL),(882,1,2,1,4,1,2021,'Telecentro',4240.82,4240.82,0,'2023-01-27 02:04:17','2023-01-27 02:04:17',NULL),(883,1,2,1,4,1,2021,'Naturgy',2249.54,2249.54,0,'2023-01-27 02:04:17','2023-01-27 02:04:17',NULL),(884,1,2,1,5,1,2021,'Municipal',8977.92,852.06,0,'2023-01-27 02:04:17','2023-01-27 02:04:17',NULL),(885,1,2,1,4,1,2021,'Omint Nilda',8813.94,8813.94,0,'2023-01-27 02:04:17','2023-01-27 02:04:17',NULL),(886,1,2,1,5,1,2021,'Patente EIG066',7629.34,1412.84,0,'2023-01-27 02:04:17','2023-01-27 02:04:17',NULL),(887,1,2,1,2,1,2021,'Tuenti Nilda',500,400,0,'2023-01-27 02:04:17','2023-01-27 02:04:17',NULL),(888,1,2,1,2,1,2021,'Tuenti Mauro',500,400,0,'2023-01-27 02:04:17','2023-01-27 02:04:17',NULL),(889,1,2,1,4,1,2021,'Edenor',2295.1,2295.1,0,'2023-01-27 02:04:17','2023-01-27 02:04:17',NULL),(890,1,2,1,3,1,2021,'Ropa Egresados',1167,1167,0,'2023-01-27 02:04:17','2023-01-27 02:04:17',NULL),(891,1,2,1,6,1,2021,'Cuota Viaje Delfi',1500,1500,0,'2023-01-27 02:04:17','2023-01-27 02:04:17',NULL),(892,1,2,1,6,1,2021,'Rogelio 3/4 + 4/4',38670,37000,75670,'2023-01-27 02:04:17','2023-01-27 02:04:17',NULL),(893,1,2,1,3,2,2021,'Credito Frances',3520.9,3520.9,0,'2023-01-27 02:04:17','2023-01-27 02:04:17',NULL),(894,1,2,1,1,2,2021,'Visa Galicia',48285.1,12460,0,'2023-01-27 02:04:17','2023-01-27 02:04:17',NULL),(895,1,2,1,4,2,2021,'Seguro Rivadavia',2969,2969,0,'2023-01-27 02:04:17','2023-01-27 02:04:17',NULL),(896,1,2,1,1,2,2021,'Visa Frances',3749,3740,0,'2023-01-27 02:04:17','2023-01-27 02:04:17',NULL),(897,1,2,1,1,2,2021,'Amex Galicia',67265,16860,0,'2023-01-27 02:04:17','2023-01-27 02:04:17',NULL),(898,1,2,1,1,2,2021,'Master Frances',1714,1710,0,'2023-01-27 02:04:17','2023-01-27 02:04:17',NULL),(899,1,2,1,1,2,2021,'Master Falabella',18592.9,3032.19,0,'2023-01-27 02:04:17','2023-01-27 02:04:17',NULL),(900,1,2,1,3,2,2021,'Banco Galicia',1158920,57951.1,0,'2023-01-27 02:04:17','2023-01-27 02:04:17',NULL),(901,1,2,1,4,2,2021,'Telecentro',4240.82,4240.82,0,'2023-01-27 02:04:17','2023-01-27 02:04:17',NULL),(902,1,2,1,4,2,2021,'Naturgy',1402.43,1402.43,0,'2023-01-27 02:04:17','2023-01-27 02:04:17',NULL),(903,1,2,1,4,2,2021,'Omint Nilda',8920.66,8920.66,0,'2023-01-27 02:04:17','2023-01-27 02:04:17',NULL),(904,1,2,1,2,2,2021,'Tuenti Nilda',620,500,0,'2023-01-27 02:04:17','2023-01-27 02:04:17',NULL),(905,1,2,1,2,2,2021,'Tuenti Mauro',620,500,0,'2023-01-27 02:04:17','2023-01-27 02:04:17',NULL),(906,1,2,1,4,2,2021,'Edenor',2034.51,2034.51,0,'2023-01-27 02:04:17','2023-01-27 02:04:17',NULL),(907,1,2,1,3,2,2021,'Ropa Egresados',1167,1167,0,'2023-01-27 02:04:17','2023-01-27 02:04:17',NULL),(908,1,2,1,6,2,2021,'Cuota Viaje Delfi',3000,1500,0,'2023-01-27 02:04:17','2023-01-27 02:04:17',NULL),(909,1,2,1,6,2,2021,'Rogelio 1/2',151500,75000,0,'2023-01-27 02:04:17','2023-01-27 02:04:17',NULL),(910,1,2,1,2,2,2021,'Tuenti Delfina',620,500,0,'2023-01-27 02:04:17','2023-01-27 02:04:17',NULL),(911,1,2,1,3,3,2021,'Credito Frances',3464.79,3464.79,0,'2023-01-27 02:04:17','2023-01-27 02:04:17',NULL),(912,1,2,1,1,3,2021,'Visa Galicia',23116.9,10950,0,'2023-01-27 02:04:17','2023-01-27 02:04:17',NULL),(913,1,2,1,4,3,2021,'Seguro Rivadavia',4343,4343,0,'2023-01-27 02:04:17','2023-01-27 02:04:17',NULL),(914,1,2,1,1,3,2021,'Visa Frances',5234.2,5234.2,0,'2023-01-27 02:04:17','2023-01-27 02:04:17',NULL),(915,1,2,1,1,3,2021,'Amex Galicia',42325.1,11780,0,'2023-01-27 02:04:17','2023-01-27 02:04:17',NULL),(916,1,2,1,1,3,2021,'Master Frances',1594.61,1594.61,0,'2023-01-27 02:04:17','2023-01-27 02:04:17',NULL),(917,1,2,1,1,3,2021,'Master Falabella',4903.19,1922.34,0,'2023-01-27 02:04:17','2023-01-27 02:04:17',NULL),(918,1,2,1,3,3,2021,'Banco Galicia',1059240,74203.2,0,'2023-01-27 02:04:17','2023-01-27 02:04:17',NULL),(919,1,2,1,4,3,2021,'Telecentro',4240.82,4240.82,0,'2023-01-27 02:04:17','2023-01-27 02:04:17',NULL),(920,1,2,1,4,3,2021,'Naturgy',1403.04,1403.04,0,'2023-01-27 02:04:17','2023-01-27 02:04:17',NULL),(921,1,2,1,4,3,2021,'Omint Nilda',5060.96,897.62,0,'2023-01-27 02:04:17','2023-01-27 02:04:17',NULL),(922,1,2,1,2,3,2021,'Tuenti Nilda',620,500,0,'2023-01-27 02:04:17','2023-01-27 02:04:17',NULL),(923,1,2,1,2,3,2021,'Tuenti Mauro',620,500,0,'2023-01-27 02:04:17','2023-01-27 02:04:17',NULL),(924,1,2,1,4,3,2021,'Edenor',2030.67,2030.67,0,'2023-01-27 02:04:17','2023-01-27 02:04:17',NULL),(925,1,2,1,6,3,2021,'Colegio Delfina',9000,9000,0,'2023-01-27 02:04:17','2023-01-27 02:04:17',NULL),(926,1,2,1,6,3,2021,'UNLam cuota',3300,3300,0,'2023-01-27 02:04:17','2023-01-27 02:04:17',NULL),(927,1,2,1,6,3,2021,'Cuota Viaje Delfi',4500,1500,0,'2023-01-27 02:04:17','2023-01-27 02:04:17',NULL),(928,1,2,1,6,3,2021,'Rogelio ',36000,18000,0,'2023-01-27 02:04:17','2023-01-27 02:04:17',NULL),(929,1,2,1,2,3,2021,'Tuenti Delfina',620,500,0,'2023-01-27 02:04:17','2023-01-27 02:04:17',NULL),(930,1,2,1,3,4,2021,'Credito Frances',3507.6,3507.6,0,'2023-01-27 02:04:17','2023-01-27 02:04:17',NULL),(931,1,2,1,1,4,2021,'Visa Galicia',17277.3,10210,0,'2023-01-27 02:04:17','2023-01-27 02:04:17',NULL),(932,1,2,1,4,4,2021,'Seguro Rivadavia',4343,4343,0,'2023-01-27 02:04:17','2023-01-27 02:04:17',NULL),(933,1,2,1,1,4,2021,'Visa Frances',2310.25,2310,0,'2023-01-27 02:04:17','2023-01-27 02:04:17',NULL),(934,1,2,1,1,4,2021,'Amex Galicia',37910.2,11440,0,'2023-01-27 02:04:17','2023-01-27 02:04:17',NULL),(935,1,2,1,1,4,2021,'Master Frances',1718.38,1710,0,'2023-01-27 02:04:17','2023-01-27 02:04:17',NULL),(936,1,2,1,1,4,2021,'Master Falabella',12153.7,1613.06,0,'2023-01-27 02:04:17','2023-01-27 02:04:17',NULL),(937,1,2,1,3,4,2021,'Banco Galicia',1046890,74171.9,0,'2023-01-27 02:04:17','2023-01-27 02:04:17',NULL),(938,1,2,1,4,4,2021,'Telecentro',4240.82,4240.82,0,'2023-01-27 02:04:17','2023-01-27 02:04:17',NULL),(939,1,2,1,4,4,2021,'Naturgy',1356.13,1356.13,0,'2023-01-27 02:04:17','2023-01-27 02:04:17',NULL),(940,1,2,1,4,4,2021,'Omint Nilda',5060.96,897.62,0,'2023-01-27 02:04:17','2023-01-27 02:04:17',NULL),(941,1,2,1,2,4,2021,'Tuenti Nilda',620,500,0,'2023-01-27 02:04:17','2023-01-27 02:04:17',NULL),(942,1,2,1,2,4,2021,'Tuenti Mauro',620,500,0,'2023-01-27 02:04:17','2023-01-27 02:04:17',NULL),(943,1,2,1,4,4,2021,'Edenor',1731.77,1731.77,0,'2023-01-27 02:04:17','2023-01-27 02:04:17',NULL),(944,1,2,1,6,4,2021,'Colegio Delfina',9000,9000,0,'2023-01-27 02:04:17','2023-01-27 02:04:17',NULL),(945,1,2,1,6,4,2021,'Cuota Viaje Delfi',4500,1500,0,'2023-01-27 02:04:17','2023-01-27 02:04:17',NULL),(946,1,2,1,6,4,2021,'Rogelio 1/9',90000,78500,0,'2023-01-27 02:04:17','2023-01-27 02:04:17',NULL),(947,1,2,1,2,4,2021,'Tuenti Delfina',620,500,0,'2023-01-27 02:04:17','2023-01-27 02:04:17',NULL),(948,1,2,1,3,5,2021,'Credito Frances',3485.04,3485.04,0,'2023-01-27 02:04:17','2023-01-27 02:04:17',NULL),(949,1,2,1,1,5,2021,'Visa Galicia',9900.94,2800,0,'2023-01-27 02:04:17','2023-01-27 02:04:17',NULL),(950,1,2,1,4,5,2021,'Seguro Rivadavia',4343,4343,0,'2023-01-27 02:04:17','2023-01-27 02:04:17',NULL),(951,1,2,1,1,5,2021,'Visa Frances',2021.68,2020,0,'2023-01-27 02:04:17','2023-01-27 02:04:17',NULL),(952,1,2,1,1,5,2021,'Amex Galicia',9340.03,2240,0,'2023-01-27 02:04:17','2023-01-27 02:04:17',NULL),(953,1,2,1,1,5,2021,'Master Falabella',5719.08,1177.11,0,'2023-01-27 02:04:17','2023-01-27 02:04:17',NULL),(954,1,2,1,3,5,2021,'Banco Galicia',73995.7,73995.7,0,'2023-01-27 02:04:17','2023-01-27 02:04:17',NULL),(955,1,2,1,4,5,2021,'Telecentro',4240.82,4240.82,0,'2023-01-27 02:04:17','2023-01-27 02:04:17',NULL),(956,1,2,1,4,5,2021,'Naturgy',1352.55,1352.55,0,'2023-01-27 02:04:17','2023-01-27 02:04:17',NULL),(957,1,2,1,4,5,2021,'Omint Nilda',5887,5887,0,'2023-01-27 02:04:17','2023-01-27 02:04:17',NULL),(958,1,2,1,2,5,2021,'Tuenti Nilda',800,650,0,'2023-01-27 02:04:17','2023-01-27 02:04:17',NULL),(959,1,2,1,2,5,2021,'Tuenti Mauro',800,650,0,'2023-01-27 02:04:17','2023-01-27 02:04:17',NULL),(960,1,2,1,4,5,2021,'Edenor',1788.77,1788.77,0,'2023-01-27 02:04:17','2023-01-27 02:04:17',NULL),(961,1,2,1,6,5,2021,'Colegio Delfina',9970,9970,0,'2023-01-27 02:04:17','2023-01-27 02:04:17',NULL),(962,1,2,1,6,5,2021,'UNLam cuota',6500,6500,0,'2023-01-27 02:04:17','2023-01-27 02:04:17',NULL),(963,1,2,1,6,5,2021,'Cuota Viaje Delfi',6000,1500,0,'2023-01-27 02:04:17','2023-01-27 02:04:17',NULL),(964,1,2,1,6,5,2021,'Rogelio 2/9',90000,85000,0,'2023-01-27 02:04:17','2023-01-27 02:04:17',NULL),(965,1,2,1,2,5,2021,'Tuenti Delfina',620,500,0,'2023-01-27 02:04:17','2023-01-27 02:04:17',NULL),(966,1,2,1,3,6,2021,'Credito Frances',3494.48,3494.48,0,'2023-01-27 02:04:17','2023-01-27 02:04:17',NULL),(967,1,2,1,1,6,2021,'Visa Galicia',11714.4,2470,0,'2023-01-27 02:04:17','2023-01-27 02:04:17',NULL),(968,1,2,1,4,6,2021,'Seguro Rivadavia',4343,4343,0,'2023-01-27 02:04:17','2023-01-27 02:04:17',NULL),(969,1,2,1,1,6,2021,'Visa Frances',2021.75,2021.75,0,'2023-01-27 02:04:17','2023-01-27 02:04:17',NULL),(970,1,2,1,1,6,2021,'Amex Galicia',29371.8,3470,0,'2023-01-27 02:04:17','2023-01-27 02:04:17',NULL),(971,1,2,1,1,6,2021,'Master Falabella',8574.85,1316.85,0,'2023-01-27 02:04:17','2023-01-27 02:04:17',NULL),(972,1,2,1,3,6,2021,'Banco Galicia',1020400,73880.8,0,'2023-01-27 02:04:17','2023-01-27 02:04:17',NULL),(973,1,2,1,4,6,2021,'Telecentro',4240.82,4240.82,0,'2023-01-27 02:04:17','2023-01-27 02:04:17',NULL),(974,1,2,1,4,6,2021,'Naturgy',2363.97,2363.97,0,'2023-01-27 02:04:17','2023-01-27 02:04:17',NULL),(975,1,2,1,4,6,2021,'Omint Nilda',5887,5887,0,'2023-01-27 02:04:17','2023-01-27 02:04:17',NULL),(976,1,2,1,2,6,2021,'Tuenti Nilda',800,650,0,'2023-01-27 02:04:17','2023-01-27 02:04:17',NULL),(977,1,2,1,2,6,2021,'Tuenti Mauro',800,650,0,'2023-01-27 02:04:17','2023-01-27 02:04:17',NULL),(978,1,2,1,4,6,2021,'Edenor',1987.88,1987.88,0,'2023-01-27 02:04:17','2023-01-27 02:04:17',NULL),(979,1,2,1,6,6,2021,'Colegio Delfina',9970,9970,0,'2023-01-27 02:04:17','2023-01-27 02:04:17',NULL),(980,1,2,1,6,6,2021,'UNLam cuota',6500,6500,0,'2023-01-27 02:04:17','2023-01-27 02:04:17',NULL),(981,1,2,1,6,6,2021,'Rogelio materiales',6910,6910,0,'2023-01-27 02:04:17','2023-01-27 02:04:17',NULL),(982,1,2,1,6,6,2021,'Cuota Viaje Delfi',7500,1500,0,'2023-01-27 02:04:17','2023-01-27 02:04:17',NULL),(983,1,2,1,6,6,2021,'Rogelio 3/9',90000,90000,0,'2023-01-27 02:04:17','2023-01-27 02:04:17',NULL),(984,1,2,1,2,6,2021,'Tuenti Delfina',800,650,0,'2023-01-27 02:04:17','2023-01-27 02:04:17',NULL),(985,1,2,1,3,7,2021,'Credito Frances',3472.01,3472.01,0,'2023-01-27 02:04:17','2023-01-27 02:04:17',NULL),(986,1,2,1,1,7,2021,'Visa Galicia',24668.6,4950,0,'2023-01-27 02:04:17','2023-01-27 02:04:17',NULL),(987,1,2,1,4,7,2021,'Seguro Rivadavia',4343,4343,0,'2023-01-27 02:04:17','2023-01-27 02:04:17',NULL),(988,1,2,1,1,7,2021,'Visa Frances',2043.16,2030,0,'2023-01-27 02:04:17','2023-01-27 02:04:17',NULL),(989,1,2,1,1,7,2021,'Amex Galicia',7638.1,500,0,'2023-01-27 02:04:17','2023-01-27 02:04:17',NULL),(990,1,2,1,1,7,2021,'Master Falabella',13096.2,1990.17,0,'2023-01-27 02:04:17','2023-01-27 02:04:17',NULL),(991,1,2,1,3,7,2021,'Banco Galicia',1006210,73691.3,0,'2023-01-27 02:04:17','2023-01-27 02:04:17',NULL),(992,1,2,1,4,7,2021,'Telecentro',4240.82,4240.82,0,'2023-01-27 02:04:17','2023-01-27 02:04:17',NULL),(993,1,2,1,4,7,2021,'Naturgy',2367.56,2367.56,0,'2023-01-27 02:04:17','2023-01-27 02:04:17',NULL),(994,1,2,1,4,7,2021,'Omint Nilda',5887,5887,0,'2023-01-27 02:04:17','2023-01-27 02:04:17',NULL),(995,1,2,1,2,7,2021,'Tuenti Nilda',800,650,0,'2023-01-27 02:04:17','2023-01-27 02:04:17',NULL),(996,1,2,1,2,7,2021,'Tuenti Mauro',800,650,0,'2023-01-27 02:04:17','2023-01-27 02:04:17',NULL),(997,1,2,1,4,7,2021,'Edenor',2222.21,2222.21,0,'2023-01-27 02:04:17','2023-01-27 02:04:17',NULL),(998,1,2,1,6,7,2021,'Colegio Delfina',19970,10000,0,'2023-01-27 02:04:17','2023-01-27 02:04:17',NULL),(999,1,2,1,6,7,2021,'UNLam cuota',6500,6500,0,'2023-01-27 02:04:17','2023-01-27 02:04:17',NULL),(1000,1,2,1,6,7,2021,'Cuota Viaje Delfi',10000,1500,0,'2023-01-27 02:04:17','2023-01-27 02:04:17',NULL),(1001,1,2,1,6,7,2021,'Rogelio 4/9',90000,90000,60000,'2023-01-27 02:04:17','2023-01-27 02:04:17',NULL),(1002,1,2,1,2,7,2021,'Tuenti Delfina',800,650,0,'2023-01-27 02:04:17','2023-01-27 02:04:17',NULL),(1003,1,2,1,3,8,2021,'Credito Frances',3472.01,3472.01,0,'2023-01-27 02:04:17','2023-01-27 02:04:17',NULL),(1004,1,2,1,1,8,2021,'Visa Galicia',18746.2,9900,0,'2023-01-27 02:04:17','2023-01-27 02:04:17',NULL),(1005,1,2,1,4,8,2021,'Seguro Rivadavia',4343,4343,0,'2023-01-27 02:04:17','2023-01-27 02:04:17',NULL),(1006,1,2,1,1,8,2021,'Visa Frances',2043.16,2030,0,'2023-01-27 02:04:17','2023-01-27 02:04:17',NULL),(1007,1,2,1,1,8,2021,'Amex Galicia',1729.74,100,0,'2023-01-27 02:04:17','2023-01-27 02:04:17',NULL),(1008,1,2,1,1,8,2021,'Master Falabella',9801.78,1847.82,0,'2023-01-27 02:04:17','2023-01-27 02:04:17',NULL),(1009,1,2,1,3,8,2021,'Banco Galicia',1006210,73691.3,75224.2,'2023-01-27 02:04:17','2023-01-27 02:04:17',NULL),(1010,1,2,1,4,8,2021,'Telecentro',4240.82,4240.82,0,'2023-01-27 02:04:17','2023-01-27 02:04:17',NULL),(1011,1,2,1,4,8,2021,'Naturgy',6159.46,6159.46,0,'2023-01-27 02:04:17','2023-01-27 02:04:17',NULL),(1012,1,2,1,4,8,2021,'Omint Nilda',16000,16000,0,'2023-01-27 02:04:17','2023-01-27 02:04:17',NULL),(1013,1,2,1,2,8,2021,'Tuenti Nilda',800,650,0,'2023-01-27 02:04:17','2023-01-27 02:04:17',NULL),(1014,1,2,1,2,8,2021,'Tuenti Mauro',800,650,0,'2023-01-27 02:04:17','2023-01-27 02:04:17',NULL),(1015,1,2,1,4,8,2021,'Edenor',1552.37,1552.37,0,'2023-01-27 02:04:17','2023-01-27 02:04:17',NULL),(1016,1,2,1,6,8,2021,'Colegio Delfina',19970,10000,9970,'2023-01-27 02:04:17','2023-01-27 02:04:17',NULL),(1017,1,2,1,6,8,2021,'Combi Delfina',5500,5500,0,'2023-01-27 02:04:17','2023-01-27 02:04:17',NULL),(1018,1,2,1,6,8,2021,'UNLam cuota',3300,3300,0,'2023-01-27 02:04:17','2023-01-27 02:04:17',NULL),(1019,1,2,1,6,8,2021,'Delfina Gastos (Dabza, Buzzo)',2400,2400,0,'2023-01-27 02:04:17','2023-01-27 02:04:17',NULL),(1020,1,2,1,6,8,2021,'Cuota Viaje Delfi',10000,1500,0,'2023-01-27 02:04:17','2023-01-27 02:04:17',NULL),(1021,1,2,1,6,8,2021,'Rogelio 5/9',90000,90000,0,'2023-01-27 02:04:17','2023-01-27 02:04:17',NULL),(1022,1,2,1,2,8,2021,'Tuenti Delfina',800,650,0,'2023-01-27 02:04:17','2023-01-27 02:04:17',NULL),(1023,1,2,1,3,9,2021,'Credito Frances',3473.68,3473.68,0,'2023-01-27 02:04:17','2023-01-27 02:04:17',NULL),(1024,1,2,1,1,9,2021,'Visa Galicia',17514.9,9810,0,'2023-01-27 02:04:17','2023-01-27 02:04:17',NULL),(1025,1,2,1,4,9,2021,'Seguro Rivadavia',5040,5040,0,'2023-01-27 02:04:17','2023-01-27 02:04:17',NULL),(1026,1,2,1,1,9,2021,'Visa Frances',4915.75,2490,0,'2023-01-27 02:04:17','2023-01-27 02:04:17',NULL),(1027,1,2,1,1,9,2021,'Amex Galicia',13359.5,810,0,'2023-01-27 02:04:17','2023-01-27 02:04:17',NULL),(1028,1,2,1,1,9,2021,'Master Frances',539.28,539.28,0,'2023-01-27 02:04:17','2023-01-27 02:04:17',NULL),(1029,1,2,1,1,9,2021,'Master Falabella',7359.54,1226.11,0,'2023-01-27 02:04:17','2023-01-27 02:04:17',NULL),(1030,1,2,1,3,9,2021,'Banco Galicia',1006210,150000,75203.6,'2023-01-27 02:04:17','2023-01-27 02:04:17',NULL),(1031,2,2,1,6,9,2021,'Gastos Arquitectura',70000,70000,0,'2023-01-27 02:04:17','2023-01-27 02:04:17',NULL),(1032,1,2,1,4,9,2021,'Telecentro',4240.82,4240.82,0,'2023-01-27 02:04:17','2023-01-27 02:04:17',NULL),(1033,1,2,1,4,9,2021,'Naturgy',6154.9,6154.9,0,'2023-01-27 02:04:17','2023-01-27 02:04:17',NULL),(1034,1,2,1,4,9,2021,'Omint Nilda',16000,16000,0,'2023-01-27 02:04:17','2023-01-27 02:04:17',NULL),(1035,1,2,1,2,9,2021,'Tuenti Nilda',800,650,0,'2023-01-27 02:04:17','2023-01-27 02:04:17',NULL),(1036,1,2,1,2,9,2021,'Tuenti Mauro',800,650,0,'2023-01-27 02:04:17','2023-01-27 02:04:17',NULL),(1037,1,2,1,4,9,2021,'Edenor',1548.47,1548.47,0,'2023-01-27 02:04:17','2023-01-27 02:04:17',NULL),(1038,1,2,1,6,9,2021,'Colegio Delfina',19970,123180,0,'2023-01-27 02:04:17','2023-01-27 02:04:17',NULL),(1039,1,2,1,6,9,2021,'Combi Delfina',5500,5500,0,'2023-01-27 02:04:17','2023-01-27 02:04:17',NULL),(1040,1,2,1,6,9,2021,'Delfina Gastos (danza y teatro)',2500,2500,0,'2023-01-27 02:04:17','2023-01-27 02:04:17',NULL),(1041,1,2,1,6,9,2021,'Cuota Viaje Delfi 1/3',6700,6700,0,'2023-01-27 02:04:17','2023-01-27 02:04:17',NULL),(1042,1,2,1,6,9,2021,'Rogelio 6/9',90000,90000,90000,'2023-01-27 02:04:17','2023-01-27 02:04:17',NULL),(1043,1,2,1,2,9,2021,'Tuenti Delfina',800,650,0,'2023-01-27 02:04:17','2023-01-27 02:04:17',NULL),(1044,1,2,1,3,10,2021,'Credito Frances',3451.33,3451.33,0,'2023-01-27 02:04:17','2023-01-27 02:04:17',NULL),(1045,1,2,1,1,10,2021,'Visa Galicia',20398.8,10090,0,'2023-01-27 02:04:17','2023-01-27 02:04:17',NULL),(1046,1,2,1,4,10,2021,'Seguro Rivadavia',5040,5040,0,'2023-01-27 02:04:17','2023-01-27 02:04:17',NULL),(1047,1,2,1,1,10,2021,'Visa Frances',2286.4,2280,0,'2023-01-27 02:04:17','2023-01-27 02:04:17',NULL),(1048,1,2,1,1,10,2021,'Amex Galicia',19405.3,1180,0,'2023-01-27 02:04:17','2023-01-27 02:04:17',NULL),(1049,1,2,1,1,10,2021,'Master Frances',270.27,10,0,'2023-01-27 02:04:17','2023-01-27 02:04:17',NULL),(1050,1,2,1,1,10,2021,'Master Falabella',7057.67,1269.54,0,'2023-01-27 02:04:17','2023-01-27 02:04:17',NULL),(1051,1,2,1,3,10,2021,'Banco Galicia',1006210,150000,74990.3,'2023-01-27 02:04:17','2023-01-27 02:04:17',NULL),(1052,2,2,1,6,10,2021,'Gastos Arquitectura',57000,57000,0,'2023-01-27 02:04:17','2023-01-27 02:04:17',NULL),(1053,1,2,1,4,10,2021,'Telecentro',4240.82,4240.82,0,'2023-01-27 02:04:17','2023-01-27 02:04:17',NULL),(1054,1,2,1,4,10,2021,'Naturgy',5196.12,5196.12,0,'2023-01-27 02:04:17','2023-01-27 02:04:17',NULL),(1055,1,2,1,6,10,2021,'Arreglo coche',0,0,98000,'2023-01-27 02:04:17','2023-01-27 02:04:17',NULL),(1056,1,2,1,2,10,2021,'Tuenti Nilda',800,650,0,'2023-01-27 02:04:17','2023-01-27 02:04:17',NULL),(1057,1,2,1,2,10,2021,'Tuenti Mauro',800,650,0,'2023-01-27 02:04:17','2023-01-27 02:04:17',NULL),(1058,1,2,1,4,10,2021,'Edenor',7161.86,7161.86,0,'2023-01-27 02:04:17','2023-01-27 02:04:17',NULL),(1059,1,2,1,6,10,2021,'Colegio Delfina',19970,10000,9970,'2023-01-27 02:04:17','2023-01-27 02:04:17',NULL),(1060,1,2,1,6,10,2021,'Combi Delfina',5500,5500,0,'2023-01-27 02:04:17','2023-01-27 02:04:17',NULL),(1061,1,2,1,6,10,2021,'UNLam cuota',6500,6500,0,'2023-01-27 02:04:17','2023-01-27 02:04:17',NULL),(1062,1,2,1,6,10,2021,'Delfina Gastos (danza, teatro)',2550,2550,0,'2023-01-27 02:04:17','2023-01-27 02:04:17',NULL),(1063,1,2,1,6,10,2021,'Cuota Viaje Delfi 2/3',6700,6700,0,'2023-01-27 02:04:17','2023-01-27 02:04:17',NULL),(1064,1,2,1,6,10,2021,'Rogelio 7/9',90000,90000,15000,'2023-01-27 02:04:17','2023-01-27 02:04:17',NULL),(1065,1,2,1,2,10,2021,'Tuenti Delfina',800,650,0,'2023-01-27 02:04:17','2023-01-27 02:04:17',NULL),(1066,1,2,1,3,10,2021,'EfectivoSI',20000,20000,0,'2023-01-27 02:04:17','2023-01-27 02:04:17',NULL),(1067,1,2,1,3,11,2021,'Credito Frances',68781.6,3458.73,0,'2023-01-27 02:04:17','2023-01-27 02:04:17',NULL),(1068,1,2,1,1,11,2021,'Visa Galicia',32969.1,10510,0,'2023-01-27 02:04:17','2023-01-27 02:04:17',NULL),(1069,1,2,1,4,11,2021,'Seguro Rivadavia',5040,5040,0,'2023-01-27 02:04:17','2023-01-27 02:04:17',NULL),(1070,1,2,1,1,11,2021,'Visa Frances',2272,2260,0,'2023-01-27 02:04:17','2023-01-27 02:04:17',NULL),(1071,1,2,1,1,11,2021,'Amex Galicia',13785.5,290,0,'2023-01-27 02:04:17','2023-01-27 02:04:17',NULL),(1072,1,2,1,1,11,2021,'Master Frances',8701.68,500,0,'2023-01-27 02:04:17','2023-01-27 02:04:17',NULL),(1073,1,2,1,1,11,2021,'Master Falabella',20907,2336.48,0,'2023-01-27 02:04:17','2023-01-27 02:04:17',NULL),(1074,1,2,1,3,11,2021,'Banco Galicia',1006210,150000,74990.3,'2023-01-27 02:04:17','2023-01-27 02:04:17',NULL),(1075,2,2,1,6,11,2021,'Gastos Arquitectura',57000,57000,0,'2023-01-27 02:04:17','2023-01-27 02:04:17',NULL),(1076,1,2,1,4,11,2021,'Telecentro',4240.82,4240.82,0,'2023-01-27 02:04:17','2023-01-27 02:04:17',NULL),(1077,1,2,1,4,11,2021,'Naturgy',5194.57,5194.57,0,'2023-01-27 02:04:17','2023-01-27 02:04:17',NULL),(1078,1,2,1,3,11,2021,'MercadoCredito Mauro',632.45,632.45,0,'2023-01-27 02:04:17','2023-01-27 02:04:17',NULL),(1079,1,2,1,2,11,2021,'Tuenti Nilda',800,650,0,'2023-01-27 02:04:17','2023-01-27 02:04:17',NULL),(1080,1,2,1,2,11,2021,'Tuenti Mauro',800,650,0,'2023-01-27 02:04:17','2023-01-27 02:04:17',NULL),(1081,1,2,1,4,11,2021,'Edenor',7166.63,7166.63,0,'2023-01-27 02:04:17','2023-01-27 02:04:17',NULL),(1082,1,2,1,6,11,2021,'Colegio Delfina',30000,10000,10000,'2023-01-27 02:04:17','2023-01-27 02:04:17',NULL),(1083,1,2,1,6,11,2021,'Combi Delfina',5500,5500,0,'2023-01-27 02:04:17','2023-01-27 02:04:17',NULL),(1084,1,2,1,6,11,2021,'UNLam cuota',6500,6500,0,'2023-01-27 02:04:17','2023-01-27 02:04:17',NULL),(1085,1,2,1,6,11,2021,'Delfina Gastos (danza, teatro)',2550,2550,0,'2023-01-27 02:04:17','2023-01-27 02:04:17',NULL),(1086,1,2,1,6,11,2021,'Cuota Viaje Delfi 3/3 + Fideicomiso',6700,6700,7600,'2023-01-27 02:04:17','2023-01-27 02:04:17',NULL),(1087,1,2,1,6,11,2021,'Rogelio 7/9',90000,90000,0,'2023-01-27 02:04:17','2023-01-27 02:04:17',NULL),(1088,1,2,1,2,11,2021,'Tuenti Delfina',800,650,0,'2023-01-27 02:04:17','2023-01-27 02:04:17',NULL),(1089,1,2,1,3,11,2021,'EfectivoSI',20000,20000,0,'2023-01-27 02:04:17','2023-01-27 02:04:17',NULL),(1090,1,2,1,3,12,2021,'Credito Frances',67654.9,3436.46,0,'2023-01-27 02:04:17','2023-01-27 02:04:17',NULL),(1091,1,2,1,1,12,2021,'Visa Galicia',30742.3,5260,0,'2023-01-27 02:04:17','2023-01-27 02:04:17',NULL),(1092,1,2,1,4,12,2021,'Seguro Rivadavia',5040,5040,0,'2023-01-27 02:04:17','2023-01-27 02:04:17',NULL),(1093,1,2,1,1,12,2021,'Visa Frances',2265.36,2260,0,'2023-01-27 02:04:17','2023-01-27 02:04:17',NULL),(1094,1,2,1,1,12,2021,'Amex Galicia',10677.3,7000,0,'2023-01-27 02:04:17','2023-01-27 02:04:17',NULL),(1095,1,2,1,1,12,2021,'Master Frances',21108.4,1210,10554.2,'2023-01-27 02:04:17','2023-01-27 02:04:17',NULL),(1096,1,2,1,1,12,2021,'Master Falabella',38677.2,4800.9,0,'2023-01-27 02:04:17','2023-01-27 02:04:17',NULL),(1097,1,2,1,3,12,2021,'Banco Galicia',1006210,72795.6,21191.9,'2023-01-27 02:04:17','2023-01-27 02:04:17',NULL),(1098,2,2,1,6,12,2021,'Gastos Arquitectura',57000,57000,0,'2023-01-27 02:04:17','2023-01-27 02:04:17',NULL),(1099,1,2,1,4,12,2021,'Telecentro',4240.82,4240.82,0,'2023-01-27 02:04:17','2023-01-27 02:04:17',NULL),(1100,1,2,1,4,12,2021,'Naturgy',2048.79,2048.79,0,'2023-01-27 02:04:17','2023-01-27 02:04:17',NULL),(1101,1,2,1,3,12,2021,'MercadoCredito Mauro',632.45,632.45,0,'2023-01-27 02:04:17','2023-01-27 02:04:17',NULL),(1102,1,2,1,2,12,2021,'Tuenti Nilda',800,650,0,'2023-01-27 02:04:17','2023-01-27 02:04:17',NULL),(1103,1,2,1,2,12,2021,'Tuenti Mauro',800,650,0,'2023-01-27 02:04:17','2023-01-27 02:04:17',NULL),(1104,1,2,1,4,12,2021,'Edenor',1905.74,1905.74,0,'2023-01-27 02:04:17','2023-01-27 02:04:17',NULL),(1105,1,2,1,6,12,2021,'Colegio Delfina',30000,10000,20000,'2023-01-27 02:04:17','2023-01-27 02:04:17',NULL),(1106,1,2,1,6,12,2021,'Combi Delfina',5500,5500,0,'2023-01-27 02:04:17','2023-01-27 02:04:17',NULL),(1107,1,2,1,6,12,2021,'UNLam cuota',6500,6500,0,'2023-01-27 02:04:17','2023-01-27 02:04:17',NULL),(1108,1,2,1,6,12,2021,'Delfina Gastos (danza, teatro)',1600,1600,0,'2023-01-27 02:04:17','2023-01-27 02:04:17',NULL),(1109,1,2,1,6,12,2021,'Rogelio 7/9',90000,90000,75000,'2023-01-27 02:04:17','2023-01-27 02:04:17',NULL),(1110,1,2,1,2,12,2021,'Tuenti Delfina',800,650,0,'2023-01-27 02:04:17','2023-01-27 02:04:17',NULL),(1111,1,2,1,3,12,2021,'EfectivoSI',20000,20000,0,'2023-01-27 02:04:17','2023-01-27 02:04:17',NULL),(1112,1,2,1,3,2,2022,'Credito Frances',3434.95,3434.95,0,'2023-01-27 02:04:17','2023-01-27 02:04:17',NULL),(1113,1,2,1,1,2,2022,'Visa Galicia',60691.7,24380,0,'2023-01-27 02:04:17','2023-01-27 02:04:17',NULL),(1114,1,2,1,4,2,2022,'Seguro Rivadavia',4873,4873,0,'2023-01-27 02:04:17','2023-01-27 02:04:17',NULL),(1115,1,2,1,1,2,2022,'Visa Frances',10860.3,3640,0,'2023-01-27 02:04:17','2023-01-27 02:04:17',NULL),(1116,1,2,1,1,2,2022,'Amex Galicia',26472.9,16300,0,'2023-01-27 02:04:17','2023-01-27 02:04:17',NULL),(1117,1,2,1,1,2,2022,'Master Frances',10644.8,1140,0,'2023-01-27 02:04:17','2023-01-27 02:04:17',NULL),(1118,1,2,1,3,2,2022,'Banco Galicia',118129,72404,45725.4,'2023-01-27 02:04:17','2023-01-27 02:04:17',NULL),(1119,2,2,1,6,2,2022,'Gastos Arquitectura',57000,57000,0,'2023-01-27 02:04:17','2023-01-27 02:04:17',NULL),(1120,1,2,1,4,2,2022,'Telecentro',4240.82,4240.82,0,'2023-01-27 02:04:17','2023-01-27 02:04:17',NULL),(1121,1,2,1,4,2,2022,'Naturgy',1435.68,1435.68,0,'2023-01-27 02:04:17','2023-01-27 02:04:17',NULL),(1122,1,2,1,5,2,2022,'Municipal',11681.1,1193.18,0,'2023-01-27 02:04:17','2023-01-27 02:04:17',NULL),(1123,1,2,1,3,2,2022,'MercadoCredito Mauro',4473.91,4473.91,0,'2023-01-27 02:04:17','2023-01-27 02:04:17',NULL),(1124,1,2,1,5,2,2022,'Patente EIG066',11500,201.96,0,'2023-01-27 02:04:17','2023-01-27 02:04:17',NULL),(1125,1,2,1,2,2,2022,'Tuenti Nilda',800,650,0,'2023-01-27 02:04:17','2023-01-27 02:04:17',NULL),(1126,1,2,1,2,2,2022,'Tuenti Mauro',800,650,0,'2023-01-27 02:04:17','2023-01-27 02:04:17',NULL),(1127,1,2,1,4,2,2022,'Edenor',1922.03,1922.03,0,'2023-01-27 02:04:17','2023-01-27 02:04:17',NULL),(1128,1,2,1,6,2,2022,'Colegio Delfina',30000,10000,23790,'2023-01-27 02:04:17','2023-01-27 02:04:17',NULL),(1129,1,2,1,3,2,2022,'MercadoCredito Nilda',9771.82,9771.82,0,'2023-01-27 02:04:17','2023-01-27 02:04:17',NULL),(1130,1,2,1,6,2,2022,'Rogelio 8/9',120000,60000,80000,'2023-01-27 02:04:17','2023-01-27 02:04:17',NULL),(1131,1,2,1,2,2,2022,'Tuenti Delfina',800,650,0,'2023-01-27 02:04:17','2023-01-27 02:04:17',NULL),(1132,1,2,1,3,2,2022,'EfectivoSI',40000,21790,0,'2023-01-27 02:04:17','2023-01-27 02:04:17',NULL),(1133,1,2,1,1,2,2022,'Naranja',0,9913.93,0,'2023-01-27 02:04:17','2023-01-27 02:04:17',NULL),(1134,1,2,2,3,2,2022,'Prestamo Victor y Natti',1000,300,0,'2023-01-27 02:04:17','2023-01-27 02:04:17',NULL),(1135,1,2,1,3,3,2022,'Credito Frances',3385.05,3385.05,2642.08,'2023-01-27 02:04:17','2023-01-27 02:04:17',NULL),(1136,1,2,1,1,3,2022,'Visa Galicia',63902,14000,31951,'2023-01-27 02:04:17','2023-01-27 02:04:17',NULL),(1137,1,2,1,4,3,2022,'Seguro Rivadavia',4873,4873,0,'2023-01-27 02:04:17','2023-01-27 02:04:17',NULL),(1138,1,2,1,1,3,2022,'Visa Frances',35861,10880,0,'2023-01-27 02:04:17','2023-01-27 02:04:17',NULL),(1139,1,2,1,1,3,2022,'Amex Galicia',7197,7190,0,'2023-01-27 02:04:17','2023-01-27 02:04:17',NULL),(1140,1,2,1,1,3,2022,'Master Frances',11556,1200,5778,'2023-01-27 02:04:17','2023-01-27 02:04:17',NULL),(1141,1,2,1,3,3,2022,'Banco Galicia',118129,72404,74135,'2023-01-27 02:04:17','2023-01-27 02:04:17',NULL),(1142,2,2,1,6,3,2022,'Gastos Arquitectura',57000,57000,0,'2023-01-27 02:04:17','2023-01-27 02:04:17',NULL),(1143,1,2,1,4,3,2022,'Telecentro',4240.82,4240.82,0,'2023-01-27 02:04:17','2023-01-27 02:04:17',NULL),(1144,1,2,1,4,3,2022,'Naturgy',1427.37,1427.37,0,'2023-01-27 02:04:17','2023-01-27 02:04:17',NULL),(1145,1,2,1,5,3,2022,'Municipal',10738.7,1193.18,0,'2023-01-27 02:04:17','2023-01-27 02:04:17',NULL),(1146,1,2,1,3,3,2022,'MercadoCredito Mauro',4850,4850,0,'2023-01-27 02:04:17','2023-01-27 02:04:17',NULL),(1147,1,2,1,2,3,2022,'Tuenti Nilda',800,650,0,'2023-01-27 02:04:17','2023-01-27 02:04:17',NULL),(1148,1,2,1,2,3,2022,'Tuenti Mauro',800,650,0,'2023-01-27 02:04:17','2023-01-27 02:04:17',NULL),(1149,1,2,1,4,3,2022,'Edenor',1918.02,1918.02,0,'2023-01-27 02:04:17','2023-01-27 02:04:17',NULL),(1150,1,2,1,6,3,2022,'Colegio Delfina',22000,22000,0,'2023-01-27 02:04:17','2023-01-27 02:04:17',NULL),(1151,1,2,1,3,3,2022,'Prestamo Laura',5000,5000,0,'2023-01-27 02:04:17','2023-01-27 02:04:17',NULL),(1152,1,2,1,3,3,2022,'MercadoCredito Nilda',10297,10297,0,'2023-01-27 02:04:17','2023-01-27 02:04:17',NULL),(1153,1,2,1,6,3,2022,'Rogelio 9/9',120000,60000,50000,'2023-01-27 02:04:17','2023-01-27 02:04:17',NULL),(1154,1,2,1,2,3,2022,'Tuenti Delfina',800,650,0,'2023-01-27 02:04:17','2023-01-27 02:04:17',NULL),(1155,1,2,1,3,3,2022,'EfectivoSI',46176,21790,0,'2023-01-27 02:04:17','2023-01-27 02:04:17',NULL),(1156,1,2,1,1,3,2022,'Naranja',85000,20600,0,'2023-01-27 02:04:17','2023-01-27 02:04:17',NULL),(1157,1,2,2,3,3,2022,'Prestamo Victor y Natti',700,200,0,'2023-01-27 02:04:17','2023-01-27 02:04:17',NULL),(1158,1,2,1,3,4,2022,'Andres Albañil (Pared -Revoque - Cerecita)',110330,110330,0,'2023-01-27 02:04:17','2023-01-27 02:04:17',NULL),(1159,1,2,1,3,4,2022,'Andres Albañil Losa',70000,70000,0,'2023-01-27 02:04:17','2023-01-27 02:04:17',NULL),(1160,1,2,1,3,4,2022,'ARBA Inmobiliario',3373.2,843.3,29311.2,'2023-01-27 02:04:17','2023-01-27 02:04:17',NULL),(1161,1,2,1,6,4,2022,'Colegio Delfina',17295,17295,0,'2023-01-27 02:04:17','2023-01-27 02:04:17',NULL),(1162,1,2,1,3,4,2022,'Compra Dolar Galicia',189,189,0,'2023-01-27 02:04:17','2023-01-27 02:04:17',NULL),(1163,2,2,1,6,4,2022,'Gastos Arquitectura',57000,57000,0,'2023-01-27 02:04:17','2023-01-27 02:04:17',NULL),(1164,1,2,1,6,4,2022,'Gastos Delfina (Teatro+Danza)',4000,4000,2000,'2023-01-27 02:04:17','2023-01-27 02:04:17',NULL),(1165,1,2,1,3,4,2022,'MercadoCredito Mauro',4849.9,4849.9,0,'2023-01-27 02:04:17','2023-01-27 02:04:17',NULL),(1166,1,2,1,3,4,2022,'MercadoCredito Nilda',11424.8,11424.8,0,'2023-01-27 02:04:17','2023-01-27 02:04:17',NULL),(1167,1,2,1,3,4,2022,'Prestamo EfectivoSI',92000,71000,67871.4,'2023-01-27 02:04:17','2023-01-27 02:04:17',NULL),(1168,1,2,1,3,4,2022,'Prestamo Frances',64312.3,3417.15,0,'2023-01-27 02:04:17','2023-01-27 02:04:17',NULL),(1169,1,2,1,3,4,2022,'Prestamo Galicia',865504,146252,0,'2023-01-27 02:04:17','2023-01-27 02:04:17',NULL),(1170,1,2,2,3,4,2022,'Prestamo Victor y Natti',500,200,0,'2023-01-27 02:04:17','2023-01-27 02:04:17',NULL),(1171,1,2,1,4,4,2022,'Edenor',1539.63,1539.63,0,'2023-01-27 02:04:17','2023-01-27 02:04:17',NULL),(1172,1,2,1,5,4,2022,'Municipal',9777.2,1193.18,0,'2023-01-27 02:04:17','2023-01-27 02:04:17',NULL),(1173,1,2,1,4,4,2022,'Naturgy',1514.02,1514.02,0,'2023-01-27 02:04:17','2023-01-27 02:04:17',NULL),(1174,1,2,1,5,4,2022,'Patente EIG066',2011.96,2011.96,0,'2023-01-27 02:04:17','2023-01-27 02:04:17',NULL),(1175,1,2,1,4,4,2022,'Seguro Rivadavia',4873,4873,0,'2023-01-27 02:04:17','2023-01-27 02:04:17',NULL),(1176,1,2,1,1,4,2022,'Amex Galicia',12438,7480,0,'2023-01-27 02:04:17','2023-01-27 02:04:17',NULL),(1177,1,2,1,1,4,2022,'Master Frances',11817.9,1210,0,'2023-01-27 02:04:17','2023-01-27 02:04:17',NULL),(1178,1,2,1,1,4,2022,'Naranja',43952.7,43952.7,0,'2023-01-27 02:04:17','2023-01-27 02:04:17',NULL),(1179,1,2,1,1,4,2022,'Visa Frances',31512.5,6510,0,'2023-01-27 02:04:17','2023-01-27 02:04:17',NULL),(1180,1,2,1,1,4,2022,'Visa Galicia',51862.7,14040,0,'2023-01-27 02:04:17','2023-01-27 02:04:17',NULL),(1181,1,2,1,4,4,2022,'Telecentro',5850,5850,0,'2023-01-27 02:04:17','2023-01-27 02:04:17',NULL),(1182,1,2,1,2,4,2022,'Tuenti Delfina',800,650,0,'2023-01-27 02:04:17','2023-01-27 02:04:17',NULL),(1183,1,2,1,2,4,2022,'Tuenti Mauro',800,650,0,'2023-01-27 02:04:17','2023-01-27 02:04:17',NULL),(1184,1,2,1,2,4,2022,'Tuenti Nilda',800,650,0,'2023-01-27 02:04:17','2023-01-27 02:04:17',NULL),(1185,1,2,1,3,5,2022,'Andres Albañil (Pared -Revoque - Cerecita)',80300,80300,0,'2023-01-27 02:04:17','2023-01-27 02:04:17',NULL),(1186,1,2,1,6,5,2022,'Colegio Delfina',18817,18817,0,'2023-01-27 02:04:17','2023-01-27 02:04:17',NULL),(1187,2,2,1,6,5,2022,'Gastos Arquitectura',57000,57000,0,'2023-01-27 02:04:17','2023-01-27 02:04:17',NULL),(1188,1,2,1,6,5,2022,'Gastos Delfina (Teatro+Danza)',4000,4000,2000,'2023-01-27 02:04:17','2023-01-27 02:04:17',NULL),(1189,1,2,1,3,5,2022,'MercadoCredito Mauro',5378.24,5378.24,0,'2023-01-27 02:04:17','2023-01-27 02:04:17',NULL),(1190,1,2,1,3,5,2022,'MercadoCredito Nilda',19494.9,19494.9,0,'2023-01-27 02:04:17','2023-01-27 02:04:17',NULL),(1191,1,2,1,3,5,2022,'Prestamo EfectivoSI',18626.7,18626.7,67871.4,'2023-01-27 02:04:17','2023-01-27 02:04:17',NULL),(1192,1,2,1,3,5,2022,'Prestamo Galicia',821379,71665.6,0,'2023-01-27 02:04:17','2023-01-27 02:04:17',NULL),(1193,1,2,2,3,5,2022,'Prestamo Victor y Natti',100,100,0,'2023-01-27 02:04:17','2023-01-27 02:04:17',NULL),(1194,1,2,1,4,5,2022,'Edenor',1793.89,1793.89,0,'2023-01-27 02:04:17','2023-01-27 02:04:17',NULL),(1195,1,2,1,5,5,2022,'Municipal',8781.76,1193.18,0,'2023-01-27 02:04:17','2023-01-27 02:04:17',NULL),(1196,1,2,1,4,5,2022,'Naturgy',1506.39,1506.39,0,'2023-01-27 02:04:17','2023-01-27 02:04:17',NULL),(1197,1,2,1,5,5,2022,'Patente EIG066',2011.96,2011.96,0,'2023-01-27 02:04:17','2023-01-27 02:04:17',NULL),(1198,1,2,1,4,5,2022,'Seguro Rivadavia',5591,5591,0,'2023-01-27 02:04:17','2023-01-27 02:04:17',NULL),(1199,1,2,1,1,5,2022,'Amex Galicia',13133.2,7530,0,'2023-01-27 02:04:17','2023-01-27 02:04:17',NULL),(1200,1,2,1,1,5,2022,'Master Frances',12969.3,1280,0,'2023-01-27 02:04:17','2023-01-27 02:04:17',NULL),(1201,1,2,1,1,5,2022,'Naranja',43952.7,43952.7,0,'2023-01-27 02:04:17','2023-01-27 02:04:17',NULL),(1202,1,2,1,1,5,2022,'Visa Frances',31512.5,6510,0,'2023-01-27 02:04:17','2023-01-27 02:04:17',NULL),(1203,1,2,1,1,5,2022,'Visa Galicia',18280.5,9960,0,'2023-01-27 02:04:17','2023-01-27 02:04:17',NULL),(1204,1,2,1,4,5,2022,'Telecentro',5850,5850,0,'2023-01-27 02:04:17','2023-01-27 02:04:17',NULL),(1205,1,2,1,2,5,2022,'Tuenti Delfina',850,650,0,'2023-01-27 02:04:17','2023-01-27 02:04:17',NULL),(1206,1,2,1,2,5,2022,'Tuenti Mauro',850,650,0,'2023-01-27 02:04:17','2023-01-27 02:04:17',NULL),(1207,1,2,1,2,5,2022,'Tuenti Nilda',850,650,0,'2023-01-27 02:04:17','2023-01-27 02:04:17',NULL),(1208,1,2,1,3,6,2022,'Andres Albañil (Pared -Revoque - Cerecita)',15000,15000,0,'2023-01-27 02:04:17','2023-01-27 02:04:17',NULL),(1209,1,2,1,6,6,2022,'Colegio Delfina',16000,16000,0,'2023-01-27 02:04:17','2023-01-27 02:04:17',NULL),(1210,1,2,1,3,6,2022,'IBB Deuda Mauro',40816.3,40816.3,0,'2023-01-27 02:04:17','2023-01-27 02:04:17',NULL),(1211,2,2,1,6,6,2022,'Gastos Arquitectura',57000,57000,0,'2023-01-27 02:04:17','2023-01-27 02:04:17',NULL),(1212,1,2,1,5,6,2022,'Monotributo',6500,6500,0,'2023-01-27 02:04:17','2023-01-27 02:04:17',NULL),(1213,1,2,1,3,6,2022,'MercadoCredito Mauro',4849.9,4849.9,0,'2023-01-27 02:04:17','2023-01-27 02:04:17',NULL),(1214,1,2,1,3,6,2022,'MercadoCredito Nilda',19494.9,19494.9,0,'2023-01-27 02:04:17','2023-01-27 02:04:17',NULL),(1215,1,2,1,3,6,2022,'Prestamo EfectivoSI',18678.1,18678.1,0,'2023-01-27 02:04:17','2023-01-27 02:04:17',NULL),(1216,1,2,1,3,6,2022,'Prestamo Galicia',797732,71432.7,0,'2023-01-27 02:04:17','2023-01-27 02:04:17',NULL),(1217,1,2,2,3,6,2022,'Prestamo Victor y Natti',100,100,0,'2023-01-27 02:04:17','2023-01-27 02:04:17',NULL),(1218,1,2,1,4,6,2022,'Edenor',2620.19,2620.19,0,'2023-01-27 02:04:17','2023-01-27 02:04:17',NULL),(1219,1,2,1,5,6,2022,'Municipal',7767.55,1193.18,0,'2023-01-27 02:04:17','2023-01-27 02:04:17',NULL),(1220,1,2,1,4,6,2022,'Naturgy',3211.66,3211.66,0,'2023-01-27 02:04:17','2023-01-27 02:04:17',NULL),(1221,1,2,1,5,6,2022,'Patente EIG066',2011.96,2011.96,0,'2023-01-27 02:04:17','2023-01-27 02:04:17',NULL),(1222,1,2,1,4,6,2022,'Seguro Rivadavia',5591,5591,0,'2023-01-27 02:04:17','2023-01-27 02:04:17',NULL),(1223,1,2,1,1,6,2022,'Amex Galicia',38477.3,8790,0,'2023-01-27 02:04:17','2023-01-27 02:04:17',NULL),(1224,1,2,1,1,6,2022,'Master Frances',5349.5,860,0,'2023-01-27 02:04:17','2023-01-27 02:04:17',NULL),(1225,1,2,1,1,6,2022,'Naranja',30000,30000,0,'2023-01-27 02:04:17','2023-01-27 02:04:17',NULL),(1226,1,2,1,1,6,2022,'Visa Frances',-3277.87,0,0,'2023-01-27 02:04:17','2023-01-27 02:04:17',NULL),(1227,1,2,1,1,6,2022,'Visa Galicia',17757.3,9940,0,'2023-01-27 02:04:17','2023-01-27 02:04:17',NULL),(1228,1,2,1,4,6,2022,'Telecentro',5850,5850,0,'2023-01-27 02:04:17','2023-01-27 02:04:17',NULL),(1229,1,2,1,2,6,2022,'Tuenti Delfina',850,650,0,'2023-01-27 02:04:17','2023-01-27 02:04:17',NULL),(1230,1,2,1,2,6,2022,'Tuenti Mauro',950,650,0,'2023-01-27 02:04:17','2023-01-27 02:04:17',NULL),(1231,1,2,1,2,6,2022,'Tuenti Nilda',850,650,0,'2023-01-27 02:04:17','2023-01-27 02:04:17',NULL),(1232,1,2,1,3,7,2022,'Andres Albañil (Pared -Revoque - Cerecita)',28000,28000,0,'2023-01-27 02:04:17','2023-01-27 02:04:17',NULL),(1233,1,2,1,3,7,2022,'Martin Gasista',30000,30000,0,'2023-01-27 02:04:17','2023-01-27 02:04:17',NULL),(1234,1,2,1,6,7,2022,'Colegio Delfina',19173,19173,0,'2023-01-27 02:04:17','2023-01-27 02:04:17',NULL),(1235,2,2,1,6,7,2022,'Gastos Arquitectura',57000,57000,0,'2023-01-27 02:04:17','2023-01-27 02:04:17',NULL),(1236,1,2,1,5,7,2022,'Monotributo',6500,6500,0,'2023-01-27 02:04:17','2023-01-27 02:04:17',NULL),(1237,1,2,1,3,7,2022,'MercadoCredito Mauro',4849.9,4849.9,0,'2023-01-27 02:04:17','2023-01-27 02:04:17',NULL),(1238,1,2,1,3,7,2022,'MercadoCredito Nilda',30494.7,30494.7,0,'2023-01-27 02:04:17','2023-01-27 02:04:17',NULL),(1239,1,2,1,3,7,2022,'Prestamo EfectivoSI',18678.1,18678.1,0,'2023-01-27 02:04:17','2023-01-27 02:04:17',NULL),(1240,1,2,1,3,7,2022,'Prestamo Galicia',797732,71432.7,0,'2023-01-27 02:04:17','2023-01-27 02:04:17',NULL),(1241,1,2,2,3,7,2022,'Prestamo Victor y Natti',100,100,0,'2023-01-27 02:04:17','2023-01-27 02:04:17',NULL),(1242,1,2,1,4,7,2022,'Edenor',2620.19,2620.19,0,'2023-01-27 02:04:17','2023-01-27 02:04:17',NULL),(1243,1,2,1,5,7,2022,'Municipal',6729.6,1193.18,0,'2023-01-27 02:04:17','2023-01-27 02:04:17',NULL),(1244,1,2,1,4,7,2022,'Naturgy',3226.53,3226.53,0,'2023-01-27 02:04:17','2023-01-27 02:04:17',NULL),(1245,1,2,1,4,7,2022,'Seguro Rivadavia',5591,5591,0,'2023-01-27 02:04:17','2023-01-27 02:04:17',NULL),(1246,1,2,1,1,7,2022,'Amex Galicia',23438.3,8660,0,'2023-01-27 02:04:17','2023-01-27 02:04:17',NULL),(1247,1,2,1,1,7,2022,'Master Frances',11653.7,1230,0,'2023-01-27 02:04:17','2023-01-27 02:04:17',NULL),(1248,1,2,1,1,7,2022,'Naranja',65477.5,65477.5,0,'2023-01-27 02:04:17','2023-01-27 02:04:17',NULL),(1249,1,2,1,1,7,2022,'Visa Frances',24451.1,0,0,'2023-01-27 02:04:17','2023-01-27 02:04:17',NULL),(1250,1,2,1,1,7,2022,'Visa Galicia',30637.1,11570,0,'2023-01-27 02:04:17','2023-01-27 02:04:17',NULL),(1251,1,2,1,4,7,2022,'Telecentro',7012,7012,0,'2023-01-27 02:04:17','2023-01-27 02:04:17',NULL),(1252,1,2,1,2,7,2022,'Tuenti Delfina',850,650,0,'2023-01-27 02:04:17','2023-01-27 02:04:17',NULL),(1253,1,2,1,2,7,2022,'Tuenti Mauro',850,650,0,'2023-01-27 02:04:17','2023-01-27 02:04:17',NULL),(1254,1,2,1,2,7,2022,'Tuenti Nilda',850,650,0,'2023-01-27 02:04:17','2023-01-27 02:04:17',NULL),(1255,1,2,1,3,8,2022,'Andres Albañil',36000,13000,0,'2023-01-27 02:04:17','2023-01-27 02:04:17',NULL),(1256,1,2,1,6,8,2022,'Colegio Delfina',19173,19173,0,'2023-01-27 02:04:17','2023-01-27 02:04:17',NULL),(1257,2,2,1,6,8,2022,'Gastos Arquitectura',57000,57000,0,'2023-01-27 02:04:17','2023-01-27 02:04:17',NULL),(1258,1,2,1,5,8,2022,'Monotributo',6500,6500,0,'2023-01-27 02:04:17','2023-01-27 02:04:17',NULL),(1259,1,2,1,3,8,2022,'MercadoCredito Mauro',4849.9,4849.9,0,'2023-01-27 02:04:17','2023-01-27 02:04:17',NULL),(1260,1,2,1,3,8,2022,'MercadoCredito Nilda',31216,31216,0,'2023-01-27 02:04:17','2023-01-27 02:04:17',NULL),(1261,1,2,1,3,8,2022,'Prestamo EfectivoSI',18678.1,18678.1,0,'2023-01-27 02:04:17','2023-01-27 02:04:17',NULL),(1262,1,2,1,3,8,2022,'Prestamo Galicia',747016,70875.1,0,'2023-01-27 02:04:17','2023-01-27 02:04:17',NULL),(1263,1,2,2,3,8,2022,'Prestamo Victor y Natti',100,100,0,'2023-01-27 02:04:17','2023-01-27 02:04:17',NULL),(1264,1,2,1,4,8,2022,'Edenor',3566.96,3566.96,0,'2023-01-27 02:04:17','2023-01-27 02:04:17',NULL),(1265,1,2,1,5,8,2022,'Municipal',5667.6,1193.18,0,'2023-01-27 02:04:17','2023-01-27 02:04:17',NULL),(1266,1,2,1,4,8,2022,'Naturgy',6018.12,6018.12,0,'2023-01-27 02:04:17','2023-01-27 02:04:17',NULL),(1267,1,2,1,5,8,2022,'Patente EIG066',2011.96,2011.96,0,'2023-01-27 02:04:17','2023-01-27 02:04:17',NULL),(1268,1,2,1,4,8,2022,'Seguro Rivadavia',5591,5591,0,'2023-01-27 02:04:17','2023-01-27 02:04:17',NULL),(1269,1,2,1,1,8,2022,'Amex Galicia',15321.7,8470,0,'2023-01-27 02:04:17','2023-01-27 02:04:17',NULL),(1270,1,2,1,1,8,2022,'Master Frances',9808.93,1150,0,'2023-01-27 02:04:17','2023-01-27 02:04:17',NULL),(1271,1,2,1,1,8,2022,'Naranja',51178,51178,0,'2023-01-27 02:04:17','2023-01-27 02:04:17',NULL),(1272,1,2,1,1,8,2022,'Visa Frances',5359.66,20,0,'2023-01-27 02:04:17','2023-01-27 02:04:17',NULL),(1273,1,2,1,1,8,2022,'Visa Galicia',20055.6,11980,38595.6,'2023-01-27 02:04:17','2023-01-27 02:04:17',NULL),(1274,1,2,1,4,8,2022,'Telecentro',7012,7012,0,'2023-01-27 02:04:17','2023-01-27 02:04:17',NULL),(1275,1,2,1,2,8,2022,'Tuenti Delfina',990,850,0,'2023-01-27 02:04:17','2023-01-27 02:04:17',NULL),(1276,1,2,1,2,8,2022,'Tuenti Mauro',990,850,0,'2023-01-27 02:04:17','2023-01-27 02:04:17',NULL),(1277,1,2,1,2,8,2022,'Tuenti Nilda',990,850,0,'2023-01-27 02:04:17','2023-01-27 02:04:17',NULL),(1278,1,2,1,6,8,2022,'UNLam cuota',6500,6500,0,'2023-01-27 02:04:17','2023-01-27 02:04:17',NULL),(1279,1,2,1,3,9,2022,'Andres Albañil',24000,18000,0,'2023-01-27 02:04:17','2023-01-27 02:04:17',NULL),(1280,1,2,1,3,9,2022,'Puerta principal',81500,81500,0,'2023-01-27 02:04:17','2023-01-27 02:04:17',NULL),(1281,1,2,1,6,9,2022,'Colegio Delfina',20000,20000,0,'2023-01-27 02:04:17','2023-01-27 02:04:17',NULL),(1282,1,2,1,6,9,2022,'Combi Delfina',7500,7500,0,'2023-01-27 02:04:17','2023-01-27 02:04:17',NULL),(1283,2,2,1,6,9,2022,'Gastos Arquitectura',57000,57000,0,'2023-01-27 02:04:17','2023-01-27 02:04:17',NULL),(1284,1,2,1,5,9,2022,'Monotributo',5025.96,5025.96,0,'2023-01-27 02:04:17','2023-01-27 02:04:17',NULL),(1285,1,2,1,3,9,2022,'MercadoCredito Mauro',4849.9,4849.9,0,'2023-01-27 02:04:17','2023-01-27 02:04:17',NULL),(1286,1,2,1,3,9,2022,'MercadoCredito Nilda',39434,39434,0,'2023-01-27 02:04:17','2023-01-27 02:04:17',NULL),(1287,1,2,1,3,9,2022,'Prestamo EfectivoSI',18678.1,18678.1,0,'2023-01-27 02:04:17','2023-01-27 02:04:17',NULL),(1288,1,2,1,3,9,2022,'Prestamo Galicia',719837,70576.3,0,'2023-01-27 02:04:17','2023-01-27 02:04:17',NULL),(1289,2,2,2,3,9,2022,'Prestamo Victor y Natti',100,100,0,'2023-01-27 02:04:17','2023-01-27 02:04:17',NULL),(1290,1,2,1,4,9,2022,'Edenor',3689.64,3689.64,0,'2023-01-27 02:04:17','2023-01-27 02:04:17',NULL),(1291,1,2,1,5,9,2022,'Municipal',4581.8,1193.18,0,'2023-01-27 02:04:17','2023-01-27 02:04:17',NULL),(1292,1,2,1,4,9,2022,'Naturgy',5955.56,5955.56,0,'2023-01-27 02:04:17','2023-01-27 02:04:17',NULL),(1293,1,2,1,4,9,2022,'Seguro Rivadavia',5591,5591,0,'2023-01-27 02:04:17','2023-01-27 02:04:17',NULL),(1294,1,2,1,1,9,2022,'Amex Galicia',24335.3,8820,0,'2023-01-27 02:04:17','2023-01-27 02:04:17',NULL),(1295,1,2,1,1,9,2022,'Master Frances',20238.4,1700,0,'2023-01-27 02:04:17','2023-01-27 02:04:17',NULL),(1296,1,2,1,1,9,2022,'Naranja',110432,33200,0,'2023-01-27 02:04:17','2023-01-27 02:04:17',NULL),(1297,1,2,1,1,9,2022,'Visa Frances',6489.55,330,0,'2023-01-27 02:04:17','2023-01-27 02:04:17',NULL),(1298,1,2,1,1,9,2022,'Visa Galicia',32763.2,10940,14223.2,'2023-01-27 02:04:17','2023-01-27 02:04:17',NULL),(1299,1,2,1,4,9,2022,'Telecentro',3485,3485,0,'2023-01-27 02:04:17','2023-01-27 02:04:17',NULL),(1300,1,2,1,2,9,2022,'Tuenti Delfina',1250,1000,0,'2023-01-27 02:04:17','2023-01-27 02:04:17',NULL),(1301,1,2,1,2,9,2022,'Tuenti Mauro',1250,1000,0,'2023-01-27 02:04:17','2023-01-27 02:04:17',NULL),(1302,1,2,1,2,9,2022,'Tuenti Nilda',1250,1000,0,'2023-01-27 02:04:17','2023-01-27 02:04:17',NULL),(1303,1,2,1,3,10,2022,'Volquete',12000,12000,0,'2023-01-27 02:04:17','2023-01-27 02:04:17',NULL),(1304,1,2,1,6,10,2022,'Colegio Delfina',20518,20518,0,'2023-01-27 02:04:17','2023-01-27 02:04:17',NULL),(1305,1,2,1,6,10,2022,'Combi Delfina',7500,7500,0,'2023-01-27 02:04:17','2023-01-27 02:04:17',NULL),(1306,2,2,1,6,10,2022,'Gastos Arquitectura',57000,57000,0,'2023-01-27 02:04:17','2023-01-27 02:04:17',NULL),(1307,1,2,1,5,10,2022,'Monotributo',5025.96,5025.96,0,'2023-01-27 02:04:17','2023-01-27 02:04:17',NULL),(1308,1,2,1,3,10,2022,'MercadoCredito Mauro',4217.45,4217.45,0,'2023-01-27 02:04:17','2023-01-27 02:04:17',NULL),(1309,1,2,1,3,10,2022,'MercadoCredito Nilda',26000,26000,0,'2023-01-27 02:04:17','2023-01-27 02:04:17',NULL),(1310,1,2,1,3,10,2022,'Prestamo EfectivoSI',18678.1,18678.1,0,'2023-01-27 02:04:17','2023-01-27 02:04:17',NULL),(1311,1,2,1,4,10,2022,'Omint Mauro',18206.6,18206.6,0,'2023-01-27 02:04:17','2023-01-27 02:04:17',NULL),(1312,1,2,1,3,10,2022,'Prestamo Galicia',719837,70240.5,0,'2023-01-27 02:04:17','2023-01-27 02:04:17',NULL),(1313,1,2,2,3,10,2022,'Prestamo Victor y Natti',100,100,0,'2023-01-27 02:04:17','2023-01-27 02:04:17',NULL),(1314,1,2,1,4,10,2022,'Edenor',1469.56,1469.56,0,'2023-01-27 02:04:17','2023-01-27 02:04:17',NULL),(1315,1,2,1,5,10,2022,'Municipal',3472.14,1193.18,0,'2023-01-27 02:04:17','2023-01-27 02:04:17',NULL),(1316,1,2,1,4,10,2022,'Naturgy',2806.43,2806.43,0,'2023-01-27 02:04:17','2023-01-27 02:04:17',NULL),(1317,1,2,1,5,10,2022,'Patente EIG066',2011.96,2011.96,0,'2023-01-27 02:04:17','2023-01-27 02:04:17',NULL),(1318,1,2,1,4,10,2022,'Seguro Rivadavia',7029,7029,0,'2023-01-27 02:04:17','2023-01-27 02:04:17',NULL),(1319,1,2,1,1,10,2022,'Amex Galicia',23541.7,9020,0,'2023-01-27 02:04:17','2023-01-27 02:04:17',NULL),(1320,1,2,1,1,10,2022,'Master Frances',11998.9,1290,0,'2023-01-27 02:04:17','2023-01-27 02:04:17',NULL),(1321,1,2,1,1,10,2022,'Naranja',45546.1,31000,0,'2023-01-27 02:04:17','2023-01-27 02:04:17',NULL),(1322,1,2,1,1,10,2022,'Visa Frances',38311.6,13310,0,'2023-01-27 02:04:17','2023-01-27 02:04:17',NULL),(1323,1,2,1,1,10,2022,'Visa Galicia',10738.2,0,29278.2,'2023-01-27 02:04:17','2023-01-27 02:04:17',NULL),(1324,1,2,1,4,10,2022,'Telecentro',3485,3485,0,'2023-01-27 02:04:17','2023-01-27 02:04:17',NULL),(1325,1,2,1,2,10,2022,'Tuenti Delfina',1250,1000,0,'2023-01-27 02:04:17','2023-01-27 02:04:17',NULL),(1326,1,2,1,2,10,2022,'Tuenti Mauro',1250,1000,0,'2023-01-27 02:04:17','2023-01-27 02:04:17',NULL),(1327,1,2,1,2,10,2022,'Tuenti Nilda',1250,1000,0,'2023-01-27 02:04:17','2023-01-27 02:04:17',NULL),(1328,1,2,1,6,10,2022,'UNLam cuota',14012.2,14012.2,0,'2023-01-27 02:04:17','2023-01-27 02:04:17',NULL),(1329,1,2,1,4,1,2019,'Edenor',826.15,826.15,0,'2023-01-27 02:04:17','2023-01-27 02:04:17',NULL),(1330,1,2,2,3,9,2022,'Prestamo Victor y Natti',100,100,0,'2023-01-27 02:04:17','2023-01-27 02:04:17',NULL),(1331,1,1,1,4,2,2023,'Edenor',2296.28,2296.28,0,'2023-02-06 17:31:58','2023-02-06 17:59:39',NULL),(1332,1,1,1,4,2,2023,'Naturgy',1490.67,1490.67,0,'2023-02-06 17:32:34','2023-02-06 17:59:47',NULL),(1333,1,1,1,3,2,2023,'EfectivoSi',18678.1,18678.1,0,'2023-02-06 17:33:18','2023-02-06 18:00:01',NULL),(1334,1,2,1,5,2,2023,'Municipalidad',21025.4,2147.64,0,'2023-02-06 17:34:08','2023-02-06 18:00:16',NULL),(1335,1,2,1,5,2,2023,'Patente EIG066',10800.9,2025.17,0,'2023-02-06 17:34:55','2023-02-06 18:00:27',NULL),(1336,1,1,1,1,2,2023,'Master Columbia',45350.5,9840,0,'2023-02-06 17:36:43','2023-02-06 18:40:56',NULL),(1337,1,1,1,1,2,2023,'Visa Frances',18834.8,5410,0,'2023-02-06 17:38:59','2023-02-06 18:09:34',NULL),(1338,1,1,1,1,2,2023,'Master Frances',24454.7,1440,0,'2023-02-06 17:40:07','2023-02-06 18:09:29',NULL),(1339,1,1,1,1,2,2023,'Amex Galicia',10225.7,7960,0,'2023-02-06 17:41:45','2023-02-06 18:01:42',NULL),(1340,1,1,1,1,2,2023,'Visa Galicia',36072.7,13430,17532.7,'2023-02-06 17:43:09','2023-02-06 18:02:52',NULL),(1341,2,1,1,6,2,2023,'Arquitectura',57000,57000,0,'2023-02-06 17:44:02','2023-02-06 17:44:02',NULL),(1342,1,2,1,2,2,2023,'Tuenti Delfina',1600,1250,0,'2023-02-06 17:45:06','2023-02-06 18:15:09',NULL),(1343,1,2,1,2,2,2023,'Tuenti Nilda',1600,1250,0,'2023-02-06 17:46:32','2023-02-06 18:14:53',NULL),(1344,1,1,1,2,2,2023,'Tuenti Mauro',1600,1250,0,'2023-02-06 17:46:54','2023-02-06 18:14:34',NULL),(1345,1,1,1,4,2,2023,'Seguro Rivadavia',9474,9474,0,'2023-02-06 17:48:00','2023-02-06 18:36:43',NULL),(1346,1,1,1,4,2,2023,'Omint',21541.7,21541.7,0,'2023-02-06 17:49:00','2023-02-06 18:36:52',NULL),(1347,1,1,1,5,2,2023,'Monotributo',9245.06,9245.06,0,'2023-02-06 17:50:09','2023-03-06 10:34:58',NULL),(1348,1,1,1,3,2,2023,'MercadoCredito Mauro',10655.8,10655.8,0,'2023-02-06 17:51:03','2023-02-06 18:11:12',NULL),(1349,1,1,1,3,2,2023,'MercadoCredito Nilda',0,0,0,'2023-02-06 17:56:23','2023-02-18 17:14:25',NULL),(1350,1,2,1,3,2,2023,'Banco Galicia',563306,68855.4,0,'2023-02-06 17:58:31','2023-02-06 18:16:37',NULL),(1351,1,1,1,1,2,2023,'Naranja',60589.3,60589.3,0,'2023-02-06 18:19:42','2023-02-18 17:14:04',NULL),(1352,1,1,1,6,2,2023,'Colegio Delfina',0,0,0,'2023-02-07 00:49:14','2023-02-18 17:14:12',NULL),(1353,1,1,1,4,3,2023,'Naturgy',1421.9,1421.9,0,'2023-02-18 17:15:43','2023-03-06 16:25:51',NULL),(1354,2,1,2,3,3,2023,'Prestamo Victor y Naty',100,100,0,'2023-02-18 17:16:39','2023-02-18 17:16:39',NULL),(1355,2,1,1,6,3,2023,'Arquitectura',57000,57000,0,'2023-02-18 17:17:49','2023-02-18 17:17:49',NULL),(1356,1,2,1,2,3,2023,'Tuenti Delfina',1600,1250,0,'2023-02-18 17:20:25','2023-03-06 10:32:41',NULL),(1357,1,2,1,2,3,2023,'Tuenti Nilda',1600,1250,0,'2023-02-18 17:21:41','2023-03-06 10:32:50',NULL),(1358,1,2,1,2,3,2023,'Tuenti Mauro',1600,1250,0,'2023-02-18 17:22:08','2023-03-06 10:33:14',NULL),(1359,1,2,1,4,3,2023,'Combi Delfina',9000,9000,0,'2023-03-06 10:34:24','2023-03-07 14:23:07',NULL),(1360,1,1,1,4,3,2023,'Omint',22526.6,22526.6,0,'2023-03-06 10:46:26','2023-03-07 14:43:33',NULL),(1361,1,1,1,4,3,2023,'Edenor',2377.78,2377.78,0,'2023-03-06 10:52:03','2023-03-06 16:26:02',NULL),(1362,1,1,1,1,3,2023,'Visa Galicia',17671.7,12510,0,'2023-03-06 10:56:38','2023-03-06 16:40:19',NULL),(1363,1,1,1,1,3,2023,'Amex Galicia',19432,8430,0,'2023-03-06 10:57:42','2023-03-06 16:40:36',NULL),(1364,1,1,1,1,3,2023,'Master Frances',29243.7,1680,0,'2023-03-06 11:32:12','2023-03-07 14:57:00',NULL),(1365,2,2,1,1,3,2023,'Visa Frances',0,0,0,'2023-03-06 13:16:45','2023-03-06 13:16:45',NULL),(1366,1,1,1,4,3,2023,'Naturgy',1421.9,1421.9,0,'2023-03-06 13:19:25','2023-03-06 13:19:53','2023-03-06 13:19:54'),(1367,1,1,1,3,3,2023,'EfectivoSi',18196.1,18196.1,0,'2023-03-06 13:20:58','2023-03-06 16:26:18',NULL),(1368,1,1,1,6,3,2023,'Colegio Delfina',35540,35540,0,'2023-03-06 13:21:57','2023-03-06 17:48:55',NULL),(1369,1,2,1,5,3,2023,'Municipalidad',19328.8,2147.64,0,'2023-03-06 13:23:20','2023-03-06 16:26:33',NULL),(1370,1,1,1,1,3,2023,'Master Columbia',42676.9,8940,0,'2023-03-06 13:34:57','2023-03-06 16:45:53',NULL),(1371,1,1,1,4,3,2023,'Seguro Rivadavia',9474,9474,0,'2023-03-06 13:54:04','2023-03-07 14:47:46',NULL),(1372,2,1,1,5,3,2023,'Monotributo',9245.06,9245.06,0,'2023-03-06 13:54:56','2023-03-06 13:54:56',NULL),(1373,1,1,1,3,3,2023,'MercadoCredito Nilda',35000,35000,0,'2023-03-06 13:55:13','2023-03-07 14:23:48',NULL),(1374,1,1,1,3,3,2023,'MercadoCredito Mauro',9916.22,9916.22,0,'2023-03-06 13:56:06','2023-03-07 14:44:38',NULL),(1375,1,2,1,3,3,2023,'Banco Galicia',527401,68408.6,0,'2023-03-06 13:58:16','2023-03-07 14:43:48',NULL),(1376,1,1,1,1,3,2023,'Naranja',52000,52000,0,'2023-03-06 13:59:15','2023-03-07 14:27:10',NULL),(1377,1,1,1,4,4,2023,'Naturgy',1310.77,1310.77,0,'2023-04-10 23:33:58','2023-04-10 23:33:58',NULL),(1378,2,1,2,3,4,2023,'Prestamo Victor y Naty',100,100,0,'2023-04-10 23:33:58','2023-04-10 23:33:58',NULL),(1379,2,1,1,6,4,2023,'Arquitectura',57000,57000,0,'2023-04-10 23:33:58','2023-04-10 23:33:58',NULL),(1380,1,2,1,2,4,2023,'Tuenti Delfina',1600,1250,0,'2023-04-10 23:33:58','2023-04-10 23:33:58',NULL),(1381,1,2,1,2,4,2023,'Tuenti Nilda',1600,1250,0,'2023-04-10 23:33:58','2023-04-10 23:33:58',NULL),(1382,1,2,1,2,4,2023,'Tuenti Mauro',1600,1250,0,'2023-04-10 23:33:58','2023-04-10 23:33:58',NULL),(1383,1,2,1,4,4,2023,'Combi Delfina',9000,9000,0,'2023-04-10 23:33:58','2023-04-10 23:33:58',NULL),(1384,1,1,1,4,4,2023,'Omint',27547.3,27547.3,0,'2023-04-10 23:33:58','2023-04-10 23:33:58',NULL),(1385,1,1,1,4,4,2023,'Edenor',2617.32,2617.32,0,'2023-04-10 23:33:58','2023-04-10 23:33:58',NULL),(1386,1,3,1,1,4,2023,'Visa Galicia',18539.7,12550,18518.3,'2023-04-10 23:33:58','2023-04-10 23:33:58',NULL),(1387,1,1,1,1,4,2023,'Amex Galicia',35760.4,9030,0,'2023-04-10 23:33:58','2023-04-10 23:33:58',NULL),(1388,1,1,1,1,4,2023,'Master Frances',14784.1,850,0,'2023-04-10 23:33:58','2023-04-10 23:33:58',NULL),(1389,1,2,1,1,4,2023,'Visa Frances',49457.7,8420,0,'2023-04-10 23:33:58','2023-04-10 23:33:58',NULL),(1390,2,1,1,3,4,2023,'EfectivoSi',18196.1,18196.1,0,'2023-04-10 23:33:58','2023-04-10 23:33:58',NULL),(1391,1,1,1,6,4,2023,'Colegio Delfina',35540,35540,0,'2023-04-10 23:33:58','2023-04-10 23:33:58',NULL),(1392,1,2,1,5,4,2023,'Municipalidad',19328.8,2147.64,0,'2023-04-10 23:33:58','2023-04-10 23:33:58',NULL),(1393,1,1,1,1,4,2023,'Master Columbia',84037.4,15000,0,'2023-04-10 23:33:58','2023-04-10 23:33:58',NULL),(1394,1,1,1,4,4,2023,'Seguro Rivadavia',9474,9474,0,'2023-04-10 23:33:58','2023-04-10 23:33:58',NULL),(1395,2,1,1,5,4,2023,'Monotributo',9245.06,9245.06,0,'2023-04-10 23:33:58','2023-04-10 23:33:58',NULL),(1396,1,1,1,3,4,2023,'MercadoCredito Nilda',35000,35000,0,'2023-04-10 23:33:58','2023-04-10 23:33:58',NULL),(1397,1,1,1,3,4,2023,'MercadoCredito Mauro',53194.6,53194.6,0,'2023-04-10 23:33:58','2023-04-10 23:33:58',NULL),(1398,1,2,1,3,4,2023,'Banco Galicia',527401,68047.1,0,'2023-04-10 23:33:58','2023-04-10 23:33:58',NULL),(1399,1,1,1,1,4,2023,'Naranja',52000,52000,0,'2023-04-10 23:33:58','2023-04-10 23:33:58',NULL),(1408,1,1,1,5,4,2023,'Patente EIG066',2025.17,2025.17,0,'2023-04-10 23:33:58','2023-04-10 23:33:58',NULL),(1409,1,1,1,5,4,2023,'ARBA Inmobiliario',1349.4,1349.4,0,'2023-04-10 23:33:58','2023-04-10 23:33:58',NULL);
/*!40000 ALTER TABLE `payments` ENABLE KEYS */;
UNLOCK TABLES;

--
-- Table structure for table `states`
--

DROP TABLE IF EXISTS `states`;
/*!40101 SET @saved_cs_client     = @@character_set_client */;
/*!50503 SET character_set_client = utf8mb4 */;
CREATE TABLE `states` (
  `id` int NOT NULL AUTO_INCREMENT,
  `name` varchar(120) COLLATE utf8mb4_spanish_ci NOT NULL,
  `created_at` datetime NOT NULL,
  `updated_at` datetime NOT NULL,
  `deleted_at` datetime DEFAULT NULL,
  PRIMARY KEY (`id`)
) ENGINE=InnoDB AUTO_INCREMENT=4 DEFAULT CHARSET=utf8mb4 COLLATE=utf8mb4_spanish_ci;
/*!40101 SET character_set_client = @saved_cs_client */;

--
-- Dumping data for table `states`
--

LOCK TABLES `states` WRITE;
/*!40000 ALTER TABLE `states` DISABLE KEYS */;
INSERT INTO `states` VALUES (1,'PAGADO','2023-01-12 01:48:58','2023-01-12 02:17:57',NULL),(2,'ADEUDADO','2023-01-12 01:50:24','2023-01-12 02:34:53',NULL);
/*!40000 ALTER TABLE `states` ENABLE KEYS */;
UNLOCK TABLES;

--
-- Table structure for table `type_payments`
--

DROP TABLE IF EXISTS `type_payments`;
/*!40101 SET @saved_cs_client     = @@character_set_client */;
/*!50503 SET character_set_client = utf8mb4 */;
CREATE TABLE `type_payments` (
  `id` int NOT NULL AUTO_INCREMENT,
  `name` varchar(120) COLLATE utf8mb4_spanish_ci NOT NULL,
  `created_at` datetime NOT NULL,
  `updated_at` datetime NOT NULL,
  `deleted_at` datetime DEFAULT NULL,
  PRIMARY KEY (`id`)
) ENGINE=InnoDB AUTO_INCREMENT=4 DEFAULT CHARSET=utf8mb4 COLLATE=utf8mb4_spanish_ci;
/*!40101 SET character_set_client = @saved_cs_client */;

--
-- Dumping data for table `type_payments`
--

LOCK TABLES `type_payments` WRITE;
/*!40000 ALTER TABLE `type_payments` DISABLE KEYS */;
INSERT INTO `type_payments` VALUES (1,'TOTAL','2023-01-12 10:54:19','2023-01-12 10:54:19',NULL),(2,'MINIMO','2023-01-12 10:54:32','2023-01-12 10:54:32',NULL),(3,'OTRO','2023-01-12 10:54:40','2023-01-12 10:54:40',NULL);
/*!40000 ALTER TABLE `type_payments` ENABLE KEYS */;
UNLOCK TABLES;

--
-- Dumping events for database 'pymentdb'
--
/*!40103 SET TIME_ZONE=@OLD_TIME_ZONE */;

/*!40101 SET SQL_MODE=@OLD_SQL_MODE */;
/*!40014 SET FOREIGN_KEY_CHECKS=@OLD_FOREIGN_KEY_CHECKS */;
/*!40014 SET UNIQUE_CHECKS=@OLD_UNIQUE_CHECKS */;
/*!40101 SET CHARACTER_SET_CLIENT=@OLD_CHARACTER_SET_CLIENT */;
/*!40101 SET CHARACTER_SET_RESULTS=@OLD_CHARACTER_SET_RESULTS */;
/*!40101 SET COLLATION_CONNECTION=@OLD_COLLATION_CONNECTION */;
/*!40111 SET SQL_NOTES=@OLD_SQL_NOTES */;

-- Dump completed on 2023-04-15 23:54:02
